id,name,unique_name,ipl_debut,specialization,date_of_birth,matches,nationality
4b0e3049,AA Alleyne,AA Alleyne,,,,,
29d72eb2,Ankeet Chavan,AA Chavan,2011,Batter,28 October 1985,13,Indian
4ed49d3d,Akhil Herwadkar,AA Herwadkar,,N/A,31 October 1994,0,Indian
2815fe50,Abhishek Jhunjhunwala,AA Jhunjhunwala,2010,Batter,01 December 1982,21,Indian
907d6e58,Aamer Yamin,Aamer Yamin,,,,,
2c3afa34,Aamir Gani,Aamir Gani,,,,,
7ecb9a14,Aamir Kaleem,Aamir Kaleem,,,,,
82c528b2,AA Mulla,AA Mulla,,,,,
7081491e,,AA Obanda,,,,,
7c1ba524,Anuja Patil,AA Patil,,N/A,28 June 1992,0,Indian
70d57519,AAP Atkinson,AAP Atkinson,,,,,
cd4d7695,Aarif Sheikh,Aarif Sheikh,,,,,
eab74985,Aaron Beard,AP Beard,,,,,
1c2a64cd,Ashish Reddy,A Ashish Reddy,2012,Bowler,24 February 1981,31,Indian
112959b2,A Bagai,A Bagai,,,,,
fa463154,Ajit Agarkar,AB Agarkar,2008,Bowling All-rounder,04 December 1977,42,Indian
6ef13460,A Balbirnie,A Balbirnie,,,,,
d3a3e82d,Adrian Barath,AB Barath,,N/A,14 April 1990,3,West Indian
c4487b84,AB de Villiers,AB de Villiers,2008,Wicketkeeper Batter,17 February 1984,184,South African
66b30f71,Ashok Dinda,AB Dinda,2008,Bowler,25 March 1984,78,Indian
705a05c8,Abdul Halim,Abdul Halim,,,,,
fc2fffb5,Abdullah Shafique,Abdullah Shafique,,,,,
390ff45b,Abdul Razzaq,Abdul Razzaq,,,,,
8e514b4c,Abdul Samad,Abdul Samad,2020,Batter,28 October 2001,50,Indian
888e32bf,Abdur Razzak,Abdur Razzak,,N/A,15 June 1982,1,Bangladeshi
d094e7d1,Abdur Rehman,Abdur Rehman,,,,,
f29185a1,Abhishek Sharma,Abhishek Sharma,2018,All-rounder,04 September 2000,63,Indian
5d836a72,Abid Ali,Abid Ali,,,,,
16043342,Andrew McDonald,AB McDonald,2009,All-rounder,05 June 1981,11,Australian
dcf0e8f4,A Bosch,A Bosch,,,,,
053dc208,A Brindle,A Brindle,,,,,
31803fac,Abu Hider,Abu Hider,,,,,
1bb0993e,Abu Jayed,Abu Jayed,,,,,
5c756df3,Abul Hasan,Abul Hasan,,,,,
a2421394,AC Agar,AC Agar,,,,,
1efb8a28,Aiden Blizzard,AC Blizzard,2011,Batter,27 June 1984,7,Australian
d8e79af0,AC Botha,AC Botha,,,,,
ad75edc3,AC Cummins,AC Cummins,,,,,
e9a870ed,AC Evans,AC Evans,,,,,
2b6e6dec,Adam Gilchrist,AC Gilchrist,2008,Wicketkeeper Batter,14 November 1971,80,Australian
99b202b3,Ajit Chandila,A Chandila,2012,All-rounder,01 January 2012,12,Indian
18e6906e,Aniket Choudhary,A Choudhary,,Bowler,28 January 1990,5,Indian
ac56b5a7,Chamari Athapaththu,AC Jayangani,,N/A,09 February 1990,0,Sri Lankan
7673c908,Amelia Kerr,AC Kerr,,N/A,13 October 2000,0,New Zealander
b552a935,Alfonso Thomas,AC Thomas,,N/A,09 February 1977,15,South African
864c199e,Adam Voges,AC Voges,,N/A,04 October 1979,9,Australian
5b16a806,Akila Dananjaya,A Dananjaya,,Bowler,04 October 1993,1,Sri Lankan
79004151,Adeel Raja,Adeel Raja,,,,,
72b95896,A Dennison,A Dennison,,,,,
92aeac25,Alex Hales,AD Hales,,Batter,03 January 1989,6,English
3edb58fc,Dimitri Mascarenhas,AD Mascarenhas,2008,All-rounder,30 October 1977,13,English
896d78ad,Angelo Mathews,AD Mathews,2009,All-rounder,02 June 1987,49,Sri Lankan
05da443b,Adnan Akmal,Adnan Akmal,,,,,
d376bbaa,Adnan Ilyas,Adnan Ilyas,,,,,
811425b1,Adnan Mufti,Adnan Mufti,,,,,
b8a75ca8,Adnan Rasool,Adnan Rasool,,,,,
f10e94c4,Akshdeep Nath,AD Nath,,All-rounder,10 May 1993,14,Indian
b98cdbf0,AD Poynter,AD Poynter,,,,,
bbd41817,Andre Russell,AD Russell,2012,All-rounder,29 April 1988,127,West Indian
1bae756b,ADS Fletcher,ADS Fletcher,,,,,
0c5bb005,AD Thomason,AD Thomason,,,,,
b05e45e4,AE Jones,AE Jones,,,,,
72b7ed1e,AE Satterthwaite,AE Satterthwaite,,,,,
03d3dd8e,AF Buurman,AF Buurman,,,,,
37138918,Afif Hossain,Afif Hossain,,,,,
ddc0828d,Andrew Flintoff,A Flintoff,,N/A,06 December 1977,3,English
350bb1b1,Adam Milne,AF Milne,,Bowler,13 April 1992,10,New Zealander
50930025,Afsar Zazai,Afsar Zazai,,,,,
53bc7b84,Aftab Ahmed,Aftab Ahmed,,,,,
2a3a3786,Aftab Alam,Aftab Alam,,,,,
bc969efb,A Gardner,A Gardner,,,,,
9f0270e0,AG Cremer,AG Cremer,,,,,
ef5da05c,Ali Murtaza,AG Murtaza,2010,Bowler,01 January 1990,12,Indian
035cb925,Ashwell Prince,AG Prince,,N/A,28 May 1977,0,South African
1a45b864,AG Salter,AG Salter,,,,,
730d120f,AG Wakely,AG Wakely,,,,,
53d50717,A Hartley,A Hartley,,,,,
c2f82483,Ahmad Shafiq,Ahmad Shafiq,,,,,
79b4839e,Ahmed Raza,Ahmed Raza,,,,,
f8fd6e3f,Ahmed Shehzad,Ahmed Shehzad,,,,,
dc2abe5e,Ahsan Ali,Ahsan Ali,,,,,
96503059,Ahsan Malik,Ahsan Malik,,,,,
72918338,AHT Donald,AHT Donald,,,,,
c736a96b,Aiman Anwer,Aiman Anwer,,,,,
5441db8c,Aizaz Cheema,Aizaz Cheema,,,,,
f6c2659d,Aizaz Khan,Aizaz Khan,,,,,
71647ced,AJA Wheater,AJA Wheater,,,,,
b9164a9b,AJ Blackwell,AJ Blackwell,,,,,
ea27a674,AJ Blake,AJ Blake,,,,,
36eafb02,AJ Doolan,AJ Doolan,,,,,
b8d490fd,Aaron Finch,AJ Finch,2010,Batter,17 November 1986,92,Australian
f64ff7e7,,AJ Gregory,,,,,
6b0c3a20,AJ Hall,AJ Hall,,,,,
321644de,Alyssa Healy,AJ Healy,,N/A,24 March 1990,0,Australian
104e88a4,AJ Hose,AJ Hose,,,,,
4d7f517e,Dewald Brevis,AJ Hosein,2022,Batter,29 April 2003,10,South African
a7c7802a,AJ Ireland,AJ Ireland,,,,,
ca753f5d,AJ Kenealy,AJ Kenealy,,,,,
a9789d58,,AJL Baum,,,,,
de3acffe,AJ McKay,AJ McKay,,,,,
b68d14a9,AJ Strauss,AJ Strauss,,,,,
ff1e12a0,Ashton Turner,AJ Turner,2019,Batting Allrounder,25 January 1993,6,Australian
7c7d63a2,Andrew Tye,AJ Tye,2017,Bowler,12 December 1986,30,Australian
822ddd34,A Keefe,A Keefe,,,,,
0d518f89,Ayabonga Khaka,A Khaka,,N/A,18 July 1992,0,South African
63a1874a,AK Kitchen,AK Kitchen,,,,,
6a26221c,Aiden Markram,AK Markram,2021,Batter,04 October 1994,44,South African
094a7be4,,AK Patel,,,,,
c8ad0749,AK Perera,AK Perera,,,,,
badd245f,AK Peters,AK Peters,,,,,
5b1d6583,,AK Sah,,,,,
cb932841,Ankush Bains,AKS Bains,,Wicketkeeper Batter,16 December 1995,0,Indian
ec256d9d,AKV Tyrone,AKV Tyrone,,,,,
3f5f39cd,Al-Amin Hossain,Al-Amin Hossain,,,,,
29ede60b,,AL Davies,,,,,
1066a976,AL Hughes,AL Hughes,,,,,
692c7070,Ali Khan,Ali Shamsher Khan,,,,,
4b55733f,Ali Waqas,Ali Waqas,,,,,
2904b4b6,Aliya Riaz,Aliya Riaz,,,,,
8291f939,Ashok Menaria,AL Menaria,2011,All-rounder,29 October 1990,29,Indian
ab6b1c45,AL Phehlukwayo,AL Phehlukwayo,,,,,
70b8fd28,A Lyth,A Lyth,,,,,
c6a1b1bb,Amad Butt,Amad Butt,,,,,
6b950e3a,Ameer Hamza,Ameer Hamza,,,,,
de3d549a,AM Fernando,AM Fernando,,,,,
26534b48,AM Guruge,AM Guruge,,,,,
f8ce577b,Aminul Islam,Aminul Islam Biplob,,,,,
3748955d,Amir Ali,Amir Ali,,,,,
dca1ac2e,,Amir Hamza,,,,,
5faa30f7,Amir Hayat,Amir Hayat,,,,,
6b19d823,Amit Mishra,A Mishra,2008,Bowler,24 November 1982,162,Indian
66cf56a5,Abhimanyu Mithun,A Mithun,2009,Bowler,25 October 1989,16,Indian
e4271302,Amjad Ali,Amjad Ali,,,,,
18eaf2fa,Amjad Javed,Amjad Javed,,,,,
88a004e9,AM Lilley,AM Lilley,,,,,
a172b05d,Ammar Mahmood,Ammar Mahmood,,,,,
7f148ce7,AM McCarthy,AM McCarthy,,,,,
a45a5e8d,Abhishek Nayar,AM Nayar,2008,All-rounder,08 October 1983,60,Indian
a49985e6,A Mohammed,A Mohammed,,,,,
ae2c396f,AM Peterson,AM Peterson,,,,,
7f8ecc51,AM Phangiso,AM Phangiso,,,,,
29e95537,Ajinkya Rahane,AM Rahane,2008,Batter,06 June 1988,185,Indian
7bcde3fe,AM Rossington,AM Rossington,,,,,
513158ed,AM Samad,AM Samad,,,,,
6165bca6,Abhinav Mukund,A Mukund,2008,Batter,06 January 1990,3,Indian
2af1b6d2,Abu Nechim,AN Ahmed,2012,Bowler,05 November 1988,17,Indian
06653fcc,Anam Amin,Anam Amin,,,,,
72b245dd,Anamul Haque,Anamul Haque,,,,,
d2340a43,Anand Rajan,Anand Rajan,2011,Bowler,17 April 1987,8,Indian
4d1ec7eb,A Nao,A Nao,,,,,
f41598c1,AN Cook,AN Cook,,,,,
3abe1ef6,A Ndlovu,A Ndlovu,,,,,
96fd40ae,Ashish Nehra,A Nehra,2008,Bowler,29 April 1979,88,Indian
2503e881,Andre Nel,A Nel,,N/A,15 July 1977,1,South African
650f9d3c,,Aniket Parikh,,,,,
dc36a6a5,AN Kervezee,AN Kervezee,,,,,
24d94623,Ankit Sharma,Ankit Sharma,2012,Bowling All-rounder,20 April 1991,22,Indian
f18ba07f,Ankit Soni,Ankit Soni,,N/A,N/A,7,Indian
1399b39c,Anmolpreet Singh,Anmolpreet Singh,2021,Batter,28 March 1998,9,Indian
acdc62f5,Anrich Nortje,A Nortje,2020,Bowler,16 November 1993,46,South African
e01aafc1,AN Petersen,AN Petersen,,,,,
552b228c,Anshuman Rath,Anshuman Rath,,,,,
e142c599,,Anuj Dal,,,,,
ea72c644,Anuk Fernando,Anuk Fernando,,,,,
69be866a,Anureet Singh,Anureet Singh,2009,Bowler,26 February 1982,23,Indian
eb2d5fe7,Anwar Ali,Anwar Ali,,,,,
24dd1b81,AO Morgan,AO Morgan,,,,,
ed90abe4,AP Devcich,AP Devcich,,,,,
f2665768,A Phillip,A Phillip,,,,,
f4cb4f53,Anustup Majumdar,AP Majumdar,,N/A,30 April 1984,4,Indian
855a210c,Aditya Tare,AP Tare,2010,Wicketkeeper Batter,07 November 1987,35,Indian
525c3f54,AR Adams,AR Adams,,,,,
1f7adc8a,Arafat Sunny,Arafat Sunny,,,,,
afe3355a,Ankit Bawne,AR Bawne,,N/A,17 December 1992,1,Indian
f994f4ca,AR Berenger,AR Berenger,,,,,
568e5a4a,AR Cusack,AR Cusack,,,,,
eadc8924,,A Reddy,,,,,
e4d7579d,Arfan Liaqat,Arfan Liaqat,,,,,
ad1730bc,Ariful Haque,Ariful Haque,,,,,
0d51e915,Ariful Islam,Ariful Islam,,,,,
7a32c1c1,,ARI Umeed,,,,,
a83208cd,Armaan Jaffer,Armaan Jaffer,,N/A,25 October 1998,0,Indian
e957b38f,,AR McBrine,,,,,
701a0e45,ARM Muir,ARM Muir,,,,,
4a745f65,AR Nurse,AR Nurse,,,,,
2e171977,Axar Patel,AR Patel,2014,All-rounder,20 January 1994,150,Indian
f6bb45fc,Arsal Sheikh,Arsal Sheikh,,,,,
244048f6,Arshdeep Singh,Arshdeep Singh,2019,Bowler,05 February 1999,65,Indian
198798b2,ARS Silva,ARS Silva,,,,,
f27f89e8,AR White,AR White,,,,,
f476d2a5,Asad Ali,Asad Ali,,,,,
50250426,,Asad Shafiq,,,,,
88679525,Asghar Stanikzai,Asghar Stanikzai,,,,,
a73321d3,A Shahzad,A Shahzad,,,,,
795df06c,AS Hansra,AS Hansra,,,,,
a3ead8da,A Sharma,A Sharma,,,,,
32497ecd,A Shrubsole,A Shrubsole,,,,,
0a4736eb,Asif Ali,Asif Ali,,,,,
280b8ce7,Asif Raza,Asif Raza,,,,,
5b040b81,Amit Singh,A Singh,2009,Bowler,21 June 1981,23,Indian
b0946605,Alzarri Joseph,AS Joseph,2019,Bowler,20 November 1996,22,West Indian
98dfe425,Asmavia Iqbal,Asmavia Iqbal,,,,,
db31895a,Ankit Rajpoot,AS Rajpoot,2013,Bowler,04 December 1993,29,Indian
e4cdf230,Anukul Roy,AS Roy,2019,Batting Allrounder,30 November 1998,11,Indian
42d9dd09,ASS Fletcher,ASS Fletcher,,,,,
e43aa7ed,ASS Nijjar,ASS Nijjar,,,,,
65d9b6b6,,A Sutherland,,,,,
bd77eb62,Andrew Symonds,A Symonds,,N/A,09 June 1975,39,Australian
69d03465,Alex Carey,AT Carey,,Wicketkeeper Batter,27 August 1991,3,Australian
70d205c9,Ambati Rayudu,AT Rayudu,2010,Wicketkeeper Batter,23 September 1985,204,Indian
3ae3f034,Asad Pathan,AUK Pathan,2011,Batter,17 June 1984,8,Indian
249d60c9,Adil Rashid,AU Rashid,2021,Bowler,17 February 1988,3,English
72e60730,A Vala,A Vala,,,,,
eef2536f,Avesh Khan,Avesh Khan,2017,Bowler,13 December 1996,63,Indian
b858be20,AV Lalcheta,AV Lalcheta,,,,,
5c88fab9,Awais Zia,Awais Zia,,,,,
fc63d916,AW Finch,AW Finch,,,,,
43501c0d,,AW Gale,,,,,
c661789d,,AW Mathieson,,,,,
2f899a44,,Ayasha Rahman,,,,,
e15f4fa4,Ayesha Zafar,Ayesha Zafar,,,,,
fbd4f01f,AY Patel,AY Patel,,,,,
14f96089,Adam Zampa,A Zampa,2016,Bowler,31 March 1992,20,Australian
5fcb6fb1,Azeem Rafiq,Azeem Rafiq,,,,,
211de69f,Azhar Ali,Azhar Ali,,,,,
9a158001,Azhar Mahmood,Azhar Mahmood,2012,All-rounder,28 February 1975,23,English
c9c0fe50,AZ Lees,AZ Lees,,,,,
8f6dd463,Azmatullah Omarzai,Azmatullah Omarzai,,,,,
8a75e999,Babar Azam,Babar Azam,,,,,
fbb657bb,Babar Hayat,Babar Hayat,,,,,
dc4686e6,Bhargav Bhatt,BA Bhatt,2011,Bowler,13 May 1990,17,Indian
cad40f5e,BA Carse,BA Carse,,,,,
0bec3a6c,BAC Howell,BAC Howell,,,,,
b26b1e3d,BA Godleman,BA Godleman,,,,,
7fca84b7,BA King,BA King,,,,,
4c0f3806,BA Raine,BA Raine,,,,,
871e9faf,Basil Thampi,Basil Thampi,2017,Bowler,11 September 1993,25,Indian
e087956b,Ben Stokes,BA Stokes,2017,All-rounder,04 June 1991,45,English
079d9bdc,BA Westdijk,BA Westdijk,,,,,
ea0cdc12,Ajantha Mendis,BAW Mendis,2009,Bowler,11 March 1985,10,Sri Lankan
0893265e,BB Bopp,BB Bopp,,,,,
41fc1ece,BB Chari,BB Chari,,,,,
564afdcf,B Bezuidenhout,B Bezuidenhout,,,,,
82342b13,B Bhandari,B Bhandari,,,,,
b8a55852,Brendon McCullum,BB McCullum,2008,Wicketkeeper Batter,27 September 1981,109,New Zealander
53f27a35,Biplap Samantray,BB Samantray,2012,All-rounder,14 December 1988,9,Indian
d8b2f218,Barinder Sran,BB Sran,,Bowler,10 December 1992,24,Indian
8af86756,BC Brown,BC Brown,,,,,
9a2fc964,BC Fortuin,BC Fortuin,,,,,
5451a2c1,Bharat Chipli,B Chipli,2008,Batter,27 January 1983,23,Indian
2e11c706,Ben Cutting,BCJ Cutting,2014,Bowler,30 January 1987,21,Australian
d5403021,BC Lara,BC Lara,,,,,
ac0edb42,B Cooper,B Cooper,,,,,
cac638ae,BD Birkhead,BD Birkhead,,,,,
0dbe27b8,BD Glover,BD Glover,,,,,
8159d5fc,BD Guest,BD Guest,,,,,
864eccce,B Dial,B Dial,,,,,
b56dc5f7,Beuran Hendricks,BE Hendricks,,Bowler,08 June 1990,7,South African
dabbd0ae,B Fernando,B Fernando,,,,,
fc4375ef,BFW de Leede,BFW de Leede,,,,,
34b37279,BGF Green,BGF Green,,,,,
dbeb6733,BG Randell,BG Randell,,,,,
f3be8d36,Bilal Asif,Bilal Asif,,,,,
dcdb87f2,Bilal Khan,Bilal Khan,,,,,
7662cf7a,Bilawal Bhatti,Bilawal Bhatti,,,,,
c18496e1,Bipul Sharma,Bipul Sharma,2010,All-rounder,28 September 1983,33,Indian
3b770527,,Bismah Maroof,,,,,
09a2da4e,B Jacobs,B Jacobs,,,,,
e1b9f3a9,Ben Dwarshuis,BJ Dwarshuis,,Bowler,23 June 1994,0,Australian
b0c772ee,Brad Haddin,BJ Haddin,2011,Wicketkeeper Batter,23 October 1977,1,Australian
b57f8a9a,Brad Hodge,BJ Hodge,2008,Batter,29 December 1974,66,Australian
3766056b,BJ McCarthy,BJ McCarthy,,,,,
27af6414,Ben Rohrer,BJ Rohrer,,N/A,26 March 1981,8,Australian
3dd30077,BJ Taylor,BJ Taylor,,,,,
928670cc,BJ Watling,BJ Watling,,,,,
5d1e7582,BKG Mendis,BKG Mendis,,,,,
2e81a32d,Bhuvneshwar Kumar,B Kumar,2011,Bowler,05 February 1990,176,Indian
b2a79f17,Ben Laughlin,B Laughlin,2013,Bowler,03 October 1982,9,Australian
9679838c,,BL D'Oliveira,,,,,
dd09ff8e,Brett Lee,B Lee,2008,Bowler,08 November 1976,38,Australian
52d1dbc8,Beth Mooney,BL Mooney,,N/A,14 January 1994,0,Australian
9868bc75,Jeevan Mendis,BMAJ Mendis,,All-rounder,15 January 1983,3,Sri Lankan
6c76e493,BM Ashkenazi,BM Ashkenazi,,,,,
dadb9703,,B Mavuta,,,,,
5f26f677,BM Duckett,BM Duckett,,,,,
39e2c0fd,BMJ Allison,BMJ Allison,,,,,
b55fb828,BMSM Kumari,BMSM Kumari,,,,,
48ad3373,BM Tickner,BM Tickner,,,,,
449f4e3c,B Muzarabani,B Muzarabani,,,,,
397f4d3a,BM Wheeler,BM Wheeler,,,,,
634a7b21,BN Cooper,BN Cooper,,,,,
d9d97a85,BNL Charles,BNL Charles,,,,,
a37b5c0a,BO Coad,BO Coad,,,,,
1d048deb,BOP Fernando,BOP Fernando,,,,,
ed70ac05,BP Kruger,BP Kruger,,,,,
dd55b0b0,,BP Loots,,,,,
a02a6cb1,BP Martin,BP Martin,,,,,
272d796e,Ben Dunk,BR Dunk,2014,Wicketkeeper Batter,11 March 1987,3,Australian
98d05440,B Regmi,B Regmi,,,,,
c41043e6,BR McDermott,BR McDermott,,,,,
53597be1,Brendan Taylor,BRM Taylor,,N/A,06 February 1986,0,Zimbabwean
bd8689b0,,BS Fulmali,,,,,
17967cc0,B Sly,B Sly,,,,,
15e2985c,BS Mudzinganyama,BS Mudzinganyama,,,,,
6834d1f2,Billy Stanlake,B Stanlake,2017,Bowler,04 November 1994,6,Australian
fd770945,BT Foakes,BT Foakes,,,,,
37137c8b,BV Vitori,BV Vitori,,,,,
f3171936,Ben Hilfenhaus,BW Hilfenhaus,2012,Bowler,15 March 1983,17,Australian
ed12fcd7,BWM Mike,BWM Mike,,,,,
e871a7a1,BW Sanderson,BW Sanderson,,,,,
a9fabff4,BYA Mendis,BYA Mendis,,,,,
d953ed6a,B Zuiderent,B Zuiderent,,,,,
75820733,CA Henry,CA Henry,,,,,
c995d726,Colin Ingram,CA Ingram,,Batter,03 July 1985,15,South African
5db1c288,CAJ Morris,CAJ Morris,,,,,
8012d0b8,CAK Rajitha,CAK Rajitha,,,,,
bbff906c,,CAK Walton,,,,,
5a42a396,Callum Taylor,Callum Taylor,,,,,
45eda7c8,Chris Lynn,CA Lynn,2012,Batter,10 April 1990,42,Australian
d4f9dbd4,Cheteshwar Pujara,CA Pujara,2010,Batter,25 January 1988,30,Indian
9920dd86,,CA Soper,,,,,
bd0a4a7d,CA Young,CA Young,,,,,
6755cd5c,CB Cooke,CB Cooke,,,,,
49691d7a,CB Mpofu,CB Mpofu,,,,,
172dff15,C Bosch,C Bosch,,,,,
d8cd0b9b,,C Brits,,,,,
4751caa3,,CBRLS Kumara,,,,,
469ccead,CB Sole,CB Sole,,,,,
478a63e7,,C Campher,,,,,
1e25b5bf,C Carter,C Carter,,,,,
0d51e658,Christopher Barnwell,CD Barnwell,,N/A,06 January 1987,0,West Indian
87b177e8,CD Collymore,CD Collymore,,,,,
e6d298e8,CD de Lange,CD de Lange,,,,,
94d7f855,Colin de Grandhomme,C de Grandhomme,,Batting Allrounder,22 July 1986,25,New Zealander
10435ca2,,CDJ Dent,,,,,
f5390243,CD McMillan,CD McMillan,,,,,
6f049d41,CD Nash,CD Nash,,,,,
7b5c6c0b,CD Wallace,CD Wallace,,,,,
f25cebec,C Fortuin,C Fortuin,,,,,
aa1210d8,,CF Parkinson,,,,,
f655d740,CG Harrison,CG Harrison,,,,,
eaa76d3c,,C Green,,,,,
9c3fd257,Charana Nanayakkara,Charana Nanayakkara,,,,,
deb9b8cc,,Chayank Gosain,,,,,
9d450c28,C Hemraj,C Hemraj,,,,,
db584dad,Chris Gayle,CH Gayle,2009,All-rounder,21 September 1979,142,West Indian
6176f240,Chirag Suri,Chirag Suri,,,,,
fb66ce1f,Chris Morris,CH Morris,2013,All-rounder,30 April 1987,81,South African
4d84ad05,CJA Amini,CJA Amini,,,,,
8abdf100,Corey Anderson,CJ Anderson,,All-rounder,13 December 1990,30,New Zealander
51a60c16,CJ Boyce,CJ Boyce,,,,,
f32dbc84,Aarya Desai,CJ Chibhabha,,Batsman,03 April 2003,0,Indian
1cb14aa4,Junior Dala,CJ Dala,,N/A,29 December 1989,1,South African
9b4935c8,Callum Ferguson,CJ Ferguson,,N/A,21 November 1984,9,Australian
19b9f399,Chris Green,CJ Green,,Bowling All-Rounder,01 October 1993,1,South African
9395f98e,,CJ Haggett,,,,,
ffe699c0,Chris Jordan,CJ Jordan,2016,Bowler,04 October 1988,34,English
d8360178,CJL Rogers,CJL Rogers,,,,,
94eac556,Clint McKay,CJ McKay,2012,Bowler,22 February 1983,2,Australian
d58fdb42,CJ Metcalfe,CJ Metcalfe,,,,,
a21ea40c,CK Coventry,CK Coventry,,,,,
f7c3d426,CK Holder,CK Holder,,,,,
1e960f2a,C Kieswetter,C Kieswetter,,,,,
cfad138c,Chamara Kapugedera,CK Kapugedera,,N/A,24 February 1987,5,Sri Lankan
d1c94b25,Charl Langeveldt,CK Langeveldt,2009,Bowler,17 December 1974,7,South African
46966c2b,,CK Leopard,,,,,
f6571355,CK Tshuma,CK Tshuma,,,,,
4d4605e6,CL Tryon,CL Tryon,,,,,
d0513f63,Cameron White,CL White,2008,Batter,18 August 1983,47,Australian
60e11a00,CMA Shillington,CMA Shillington,,,,,
d4188b60,,CM Edwards,,,,,
30a2649b,Chidhambaram Gautam,CM Gautam,2012,Wicketkeeper Batter,08 March 1986,13,Indian
af2c687b,Colin Munro,C Munro,2015,Batter,11 March 1987,13,New Zealander
e734d090,CN Ackermann,CN Ackermann,,,,,
56418eae,CNIM Joyce,CNIM Joyce,,,,,
639000b6,CN Nation,CN Nation,,,,,
1928197a,C Olivier,C Olivier,,,,,
5680f1ad,CO Obuya,CO Obuya,,,,,
e9987a94,C Overton,C Overton,,,,,
96824e68,CP Tremain,CP Tremain,,,,,
1cfac535,,CP Wood,,,,,
28aba384,C Raack,C Raack,,,,,
e342e5fb,Carlos Brathwaite,CR Brathwaite,,All-rounder,18 July 1988,16,West Indian
342d8ade,Dilhara Fernando,CRD Fernando,,N/A,19 July 1979,10,Sri Lankan
c96311d4,,CR Ervine,,,,,
bff0535a,CR Seneviratna,CR Seneviratna,,,,,
4c5d73db,Chris Woakes,CR Woakes,2017,All-rounder,02 March 1989,21,English
2cdce1be,Chetan Sakariya,C Sakariya,2021,Bowler,28 February 1998,19,Indian
afa78c3a,Cameron Delport,CS Delport,,N/A,12 May 1989,0,South African
fb9a8cc3,CS Fraser,CS Fraser,,,,,
9c376401,,CS MacLeod,,,,,
05e0fab5,CS Martin,CS Martin,,,,,
f6ddfe08,C Sutthiruang,C Sutthiruang,,,,,
399b0b94,CT Bancroft,CT Bancroft,,,,,
28496266,CT Mumba,CT Mumba,,,,,
26f12506,CT Mutombodzi,CT Mutombodzi,,,,,
a72b14ff,CT Tremlett,CT Tremlett,,,,,
575ab3ce,CU Jayasinghe,CU Jayasinghe,,,,,
7b5b6311,CV Milind,CV Milind,,N/A,04 September 1994,0,Indian
5b7ab5a9,Varun Chakaravarthy,CV Varun,2019,Bowler,29 August 1991,71,Indian
3e51db81,C Zhuwao,C Zhuwao,,,,,
03df7a25,DA Douthwaite,DA Douthwaite,,,,,
1f572ee8,,DA Griffiths,,,,,
2e9fdf9b,Doug Bracewell,DAJ Bracewell,2012,Bowler,28 September 1990,1,New Zealander
d67d5f00,David Miller,DA Miller,2012,Batter,10 June 1989,130,South African
49212b50,DA Minors,DA Minors,,,,,
c1805d15,Damitha Silva,Damitha Silva,,,,,
a4799701,Danish Aziz,Danish Aziz,,,,,
0be1b885,Danish Kaneria,Danish Kaneria,,,,,
6c79c098,,DA Payne,,,,,
770494eb,Asela Gunaratne,DAS Gunaratne,,N/A,08 January 1986,0,Sri Lankan
dcce6f09,David Warner,DA Warner,2009,Batter,27 October 1986,184,Australian
1fba2ae3,Dawlat Zadran,Dawlat Zadran,,,,,
47c449c5,Dayyaan Galiem,Dayyaan Galiem,,,,,
7050a1e7,Debabrata Das,DB Das,2008,Batter,22 September 1986,31,Indian
7a80ddf2,D Bishoo,D Bishoo,,,,,
83904270,,DBL Powell,,,,,
b720a5d6,Dwaraka Ravi Teja,DB Ravi Teja,2008,Batter,05 September 1987,32,Indian
201fef33,Deepti Sharma,DB Sharma,,N/A,24 August 1997,0,Indian
359e430a,DCC Borden,DCC Borden,,,,,
bf573bfd,DC de Boorder,DC de Boorder,,,,,
08a4f9ad,DC Thomas,DC Thomas,,,,,
58dc96cc,D Devnarain,D Devnarain,,,,,
45c2196c,Doug Bollinger,DE Bollinger,2010,Bowler,24 July 1981,27,Australian
0d37dea9,DE Budge,DE Budge,,,,,
33085ffb,D Elgar,D Elgar,,,,,
a1b69936,DG Bedingham,DG Bedingham,,,,,
22bd731a,DG Brownlie,DG Brownlie,,,,,
06434563,DH Bruwer,DH Bruwer,,,,,
1d6ff329,Dayalan Hemalatha,D Hemalatha,,N/A,29 September 1994,0,Indian
063b3673,Dishant Yagnik,DH Yagnik,2011,Wicketkeeper Batter,22 June 1983,25,Indian
a51e6c6e,,Diana Baig,,,,,
bca21d18,DI Stevens,DI Stevens,,,,,
71e6ad2b,DJ Balcombe,DJ Balcombe,,,,,
8f938a32,DJ Bell-Drummond,DJ Bell-Drummond,,,,,
87e562a9,Dwayne Bravo,DJ Bravo,2008,All-rounder,07 October 1983,161,West Indian
c03c6200,Darren Sammy,DJG Sammy,,All-rounder,20 December 1983,0,West Indian
39f82db3,Daniel Harris,DJ Harris,,N/A,31 December 1975,4,Australian
73ad96ed,Deepak Hooda,DJ Hooda,2015,Bowling All-rounder,19 April 1995,118,Indian
fd835ab3,David Hussey,DJ Hussey,2008,All-rounder,15 July 1977,64,Australian
a84468fe,Davy Jacobs,DJ Jacobs,2011,Wicketkeeper Batter,27 February 2012,0,South African
27c5a793,DJ Lamb,DJ Lamb,,,,,
24cacd0a,DJ Lincoln,DJ Lincoln,,,,,
ad9c32a2,Dawid Malan,DJ Malan,,Batter,03 September 1987,1,English
eade4650,DJ Mitchell,DJ Mitchell,,,,,
1a156c88,D'Arcy Short,DJM Short,,N/A,09 August 1990,7,Australian
2c76b512,Domnic Joseph,DJ Muthuswami,,Bowler,09 March 1981,6,Indian
53bee17f,Deandra Dottin,DJS Dottin,,N/A,21 June 1991,0,West Indian
087210b1,DJ Vilas,DJ Vilas,,,,,
7f048519,David Willey,DJ Willey,2018,Bowling Allrounder,28 February 1990,11,English
208f22ea,DJ Worrall,DJ Worrall,,,,,
aeab0d4f,D Klein,D Klein,,,,,
fa1aa7e7,,D Langford-Smith,,,,,
23eeb873,Deepak Chahar,DL Chahar,2016,Bowler,07 August 1992,81,Indian
cb263798,DL Hemp,DL Hemp,,,,,
0c7f11be,,DL Lloyd,,,,,
537f5ab2,,DL Piedt,,,,,
d7c6af50,Daniel Vettori,DL Vettori,2008,All-rounder,27 January 1979,34,New Zealander
e8aa5d07,,DL Watson,,,,,
ad46c747,DM Bess,DM Bess,,,,,
14b14cd8,Darren Bravo,DM Bravo,,N/A,06 February 1989,1,West Indian
7d608e12,DM de Silva,DM de Silva,,,,,
7cb2d9d2,DM Dupavillon,DM Dupavillon,,,,,
a1b3f327,DM Hodgson,DM Hodgson,,,,,
d693012d,DM Kimmince,DM Kimmince,,,,,
6ea2710f,D Moriarty,D Moriarty,,,,,
1ba6a73d,D Mortimer,D Mortimer,,,,,
f1eb3c73,DMW Rawlins,DMW Rawlins,,,,,
d019608b,D Nath,D Nath,,,,,
be0c9f5b,DN Phillips,DN Phillips,,,,,
a139c379,Danni Wyatt,DN Wyatt,,N/A,22 April 1991,0,English
a8e56914,,D Olivier,,,,,
6ed3d5ac,,DO Obuya,,,,,
2c25d4f5,Devdutt Padikkal,D Padikkal,2020,Batter,07 July 2000,64,Indian
462d7c62,,D Paterson,,,,,
df5a6881,DP Conway,DP Conway,,,,,
d18f9182,Mahela Jayawardene,DPMD Jayawardene,2008,Batter,27 May 1977,80,Sri Lankan
c404f58a,Dirk Nannes,DP Nannes,2009,Bowler,16 May 1976,29,Australian
11614d87,D Pretorius,D Pretorius,,,,,
97e434a6,DP Sibley,DP Sibley,,,,,
f9ded29b,Devika Vaidya,DP Vaidya,,N/A,13 August 1997,0,Indian
d1523761,,D Ramdin,,,,,
f3abd0c9,DR Briggs,DR Briggs,,,,,
9d710afe,DR Flynn,DR Flynn,,,,,
879aedd7,,DR Melton,,,,,
876dbe2d,DR Mousley,DR Mousley,,,,,
caf69bf7,Daniel Sams,DR Sams,2020,All-rounder,27 October 1992,16,Australian
faa7365d,Dhruv Shorey,DR Shorey,,Batter,05 June 1992,2,Indian
35205dfc,Dwayne Smith,DR Smith,2008,Batting All-rounder,12 April 1983,91,West Indian
43936951,DR Tuffey,DR Tuffey,,,,,
1747ea18,DS Airee,DS Airee,,,,,
d2a989fc,Dhawal Kulkarni,DS Kulkarni,2008,Bowler,10 December 1988,92,Indian
85ad2217,DS Smith,DS Smith,,,,,
3473e5f2,DS Weerakkody,DS Weerakkody,,,,,
2a2e6343,Dan Christian,DT Christian,2011,All-rounder,04 May 1983,49,Australian
e01895bb,DT Johnston,DT Johnston,,,,,
dbfb8218,,DT Tiripano,,,,,
8c5775f3,D van Niekerk,D van Niekerk,,,,,
aa8d28ae,David Wiese,D Wiese,2015,All-rounder,18 May 1985,18,South African
4b685e2d,DW Lawrence,DW Lawrence,,,,,
8fd1a8f5,Dale Steyn,DW Steyn,2008,Bowler,27 June 1983,95,South African
219cc59e,DY Pennington,DY Pennington,,,,,
50ee0500,EAJ Richardson,EAJ Richardson,,,,,
fe731c62,,EA Osborne,,,,,
be150fc8,,EA Perry,,,,,
cb5100f1,,Ebadat Hossain,,,,,
fec369cd,E Barnes,E Barnes,,,,,
705489eb,Ekta Bisht,E Bisht,,N/A,08 February 1986,0,Indian
d2babdd5,,E Chigumbura,,,,,
a48fc79d,EC Joyce,EC Joyce,,,,,
f771a151,EC Rainsford,EC Rainsford,,,,,
a510bdd3,EG Barnard,EG Barnard,,,,,
210b05cb,,Ehsan Adil,,,,,
d3851cd8,Ehsan Khan,Ehsan Khan,,,,,
70456281,,Ehsan Nawaz,,,,,
7572bf45,EHSN Silva,EHSN Silva,,,,,
9e1b7792,EJ Byrom,EJ Byrom,,,,,
d2a6c0e6,Eoin Morgan,EJG Morgan,2010,Batter,10 September 1986,83,English
fee3c48a,EJM Cowan,EJM Cowan,,,,,
d6663a9a,EJ Pollock,EJ Pollock,,,,,
cde96d97,,EJ Villani,,,,,
a7bc76a0,E Leie,E Leie,,,,,
0ebfb1ad,Evin Lewis,E Lewis,,Batter,27 December 1991,27,West Indian
817c1746,Elias Sunny,Elias Sunny,,,,,
180240d4,,EM Bermingham,,,,,
5a22d91c,,EMDY Munaweera,,,,,
c57fa67e,E Otieno,E Otieno,,,,,
b274dbbd,Eklavya Dwivedi,ER Dwivedi,2016,Wicketkeeper,22 July 1988,4,Indian
6a7239a7,ES Szwarczynski,ES Szwarczynski,,,,,
1fb4d3ee,E van Wyk,E van Wyk,,,,,
b52ffbbd,Fabian Allen,FA Allen,,All-rounder,07 May 1995,5,West Indian
53fa62a2,,Fahad Alhashmi,,,,,
29f0e3c3,Fahad Tariq,Fahad Tariq,,,,,
bd4ea627,Faheem Ashraf,Faheem Ashraf,,,,,
558cdd64,Fahima Khatun,Fahima Khatun,,,,,
8b89eb80,Faizan Asif,Faizan Asif,,,,,
1777c020,Fakhar Zaman,Fakhar Zaman,,,,,
6e96c956,Fargana Hoque,Fargana Hoque,,,,,
e59121b4,,Farhaan Sayanvala,,,,,
4948a447,,Farhad Reza,,,,,
22ae3041,Fawad Ahmed,Fawad Ahmed,,,,,
61f05b05,Fawad Alam,Fawad Alam,,,,,
b4bef2ed,Fazle Mahmud,Fazle Mahmud,,,,,
dce2019b,Farhaan Behardien,F Behardien,,Batter,09 October 1983,3,South African
c4bf47e7,F Coetzee,F Coetzee,,,,,
a28132bd,FC Wilson,FC Wilson,,,,,
400e2d4d,FDM Karunaratne,FDM Karunaratne,,,,,
3355b542,Faf du Plessis,F du Plessis,2012,Batter,13 July 1984,145,South African
bf74b130,Finn Allen,FH Allen,,Wicketkeeper Batter,22 April 1999,0,New Zealander
a7c226e1,Fidel Edwards,FH Edwards,,N/A,06 February 1982,6,West Indian
4f034a50,,FIN Khushi,,,,,
932d3cc9,,FJ Hudson-Prentice,,,,,
c042b412,FJ Klaassen,FJ Klaassen,,,,,
1530a7e9,,F Kasteni,,,,,
7391f160,FL Mackay,FL Mackay,,,,,
2085b848,F Rautenbach,F Rautenbach,,,,,
2479daa6,,FR Davies,,,,,
971c3f6d,FRJ Coleman,FRJ Coleman,,,,,
819ae1ad,FS Organ,FS Organ,,,,,
41f534cd,F Tunnicliffe,F Tunnicliffe,,,,,
c15e2193,Faiz Fazal,FY Fazal,2010,Batter,07 September 1985,13,Indian
e2caec46,GA Bartlett,GA Bartlett,,,,,
287ed3a0,GA Elwiss,GA Elwiss,,,,,
86421172,GA Lamb,GA Lamb,,,,,
d4d37c31,GA Stuurman,GA Stuurman,,,,,
288981a7,Gauhar Hafeez,Gauhar Hafeez,,,,,
da785bf8,GB Brent,GB Brent,,,,,
f708a0bc,Brad Hogg,GB Hogg,2012,All-rounder,06 February 1971,21,Australian
214f6461,GCH Hill,GCH Hill,,,,,
4fd09cfc,G Clark,G Clark,,,,,
72861603,Graeme Smith,GC Smith,2008,Batter,01 February 1981,29,South African
a316d663,Hardus Viljoen,GC Viljoen,2019,Bowler,06 March 1989,6,South African
05de1a5a,GC Wilson,GC Wilson,,,,,
c03449e0,GD Elliott,GD Elliott,,,,,
ee7d0c82,Glenn McGrath,GD McGrath,,N/A,09 February 1970,14,Australian
9a46c4e5,Glenn Phillips,GD Phillips,2021,Wicketkeeper Batter,06 December 1996,8,New Zealander
0077eaa3,GD Pope,GD Pope,,,,,
b7646e8c,GEF Barnett,GEF Barnett,,,,,
c2b6764d,GFB Scott,GFB Scott,,,,,
e5437608,GF Linde,GF Linde,,,,,
bb345e0b,Gautam Gambhir,G Gambhir,2008,Batter,14 October 1981,154,Indian
450f6fa6,GG Wagg,GG Wagg,,,,,
0f21680d,GG White,GG White,,,,,
99cddc5e,,GH Dockrell,,,,,
1b9d1579,GH Lewis,GH Lewis,,,,,
fd8a9b23,GH Rhodes,GH Rhodes,,,,,
be869ccf,George Garton,GHS Garton,,Bowler,15 April 1997,5,English
ced0ec25,Ghulam Shabber,Ghulam Shabber,,,,,
94253925,Hanuma Vihari,GH Vihari,2013,Batter,13 October 1993,24,Indian
51a36d3e,GH Worker,GH Worker,,,,,
c2988809,GID Lavelle,GID Lavelle,,,,,
5056011d,George Bailey,GJ Bailey,2009,Batter,07 September 1982,40,Australian
5ac8f17b,GJ Batty,GJ Batty,,,,,
33b3d2df,,GJ Delany,,,,,
b681e71e,Glenn Maxwell,GJ Maxwell,2012,All-rounder,14 October 1988,134,Australian
91f0792f,GJ Thompson,GJ Thompson,,,,,
42151725,GK Berg,GK Berg,,,,,
95a06106,GLS Scrimshaw,GLS Scrimshaw,,,,,
ba377b40,GL van Buuren,GL van Buuren,,,,,
78158fc6,GL Walker,GL Walker,,,,,
b2e1d224,G Malla,G Malla,,,,,
0b75f68c,G McClintock,G McClintock,,,,,
97bdec3d,G Motie,G Motie,,,,,
dc6641db,G Oldfield,G Oldfield,,,,,
221ad9d9,GP Swann,GP Swann,,,,,
755a77c6,GS Ballance,GS Ballance,,,,,
b58b7db6,GSNFG Jayasuriya,GSNFG Jayasuriya,,,,,
1558d83b,Gurinder Sandhu,GS Sandhu,,Bowler,14 February 1993,3,Australian
a77472dc,G Stewart,G Stewart,,,,,
ff227198,G Sultana,G Sultana,,,,,
79c7041c,GT Griffiths,GT Griffiths,,,,,
fc1608a2,GT Hankins,GT Hankins,,,,,
4ebc70ca,GT Main,GT Main,,,,,
9f77963a,,Gulbadin Naib,,,,,
6eb146d2,Gurkeerat Mann Singh,Gurkeerat Singh,2012,Batter,29 June 1990,39,Indian
f0b4e47d,G Wareham,G Wareham,,,,,
53068b45,,GWHM Perera,,,,,
e74ad9ea,Habibul Bashar,Habibul Bashar,,,,,
c13e34f4,Haider Ali,Haider Ali,,,,,
093ae70b,Hamid Hassan,Hamid Hassan,,,,,
57bd3ecc,Hammad Azam,Hammad Azam,,,,,
4a25c894,HAPW Jayawardene,HAPW Jayawardene,,,,,
8b5b6769,Harbhajan Singh,Harbhajan Singh,2008,Bowling All-rounder,03 July 1980,163,Indian
24bb1c2f,,Haris Rauf,,,,,
7cd0a092,Haris Sohail,Haris Sohail,,,,,
2a72fd4f,Harmeet Singh Bansal,Harmeet Singh,2009,All-rounder,09 October 1987,27,Indian
0bf15e52,Harmeet Singh,Harmeet Singh (2),2013,Bowler,07 September 1992,1,Indian
c05edf8e,Harpreet Brar,Harpreet Brar,2019,Bowler,16 September 1995,41,Indian
28c78fb3,Harpreet Singh,Harpreet Singh,2010,Batter,11 August 1991,8,Indian
2911de16,,Hasan Ali,,,,,
80ad39ac,Hasan Mahmud,Hasan Mahmud,,,,,
826ba486,,Hasan Mohsin,,,,,
4cd735af,,Hasan Raza (2),,,,,
dbd79036,,HASD Siriwardene,,,,,
fb0abc20,Haseeb Amjad,Haseeb Amjad,,,,,
6e2f7f3d,Hashan Dumindu,Hashan Dumindu,,,,,
c2a46cb4,Hashmatullah Shahidi,Hashmatullah Shahidi,,,,,
486065b3,Hassan Khan,Hassan Khan,,,,,
d712ddec,,Hayatullah,,,,,
5ea51c25,Hazratullah,Hazratullah,,,,,
4ae1755b,HC Brook,HC Brook,,,,,
4ba0289e,HC Knight,HC Knight,,,,,
9c9f8dbc,H Davids,H Davids,,,,,
3664712e,Harleen Deol,H Deol,,N/A,21 June 1998,0,Indian
c5928dec,HDRL Thirimanne,HDRL Thirimanne,,,,,
0605de92,HD Rutherford,HD Rutherford,,,,,
c41ba637,HE Dearden,HE Dearden,,,,,
9948e262,HE van der Dussen,HE van der Dussen,,,,,
e412cb64,Harry Gurney,HF Gurney,2019,Bowler,25 October 1986,8,English
ede05b97,,HG Kuhn,,,,,
ff014c34,HG Munsey,HG Munsey,,,,,
fe0c5457,H Hameed,H Hameed,,,,,
44d0e8af,HHC Gunaratne,HHC Gunaratne,,,,,
e1d1b294,Herschelle Gibbs,HH Gibbs,2008,Batter,23 February 1974,36,South African
dbe50b21,Hardik Pandya,HH Pandya,2015,All-rounder,11 October 1993,137,Indian
0174b455,Himanshu Dutta,Himanshu Dutta,,,,,
2085e1fa,,HJH Brookes,,,,,
70542bef,HJH Marshall,HJH Marshall,,,,,
95fd757d,HJ Swindells,HJ Swindells,,,,,
a1000a26,,HJW Gardiner,,,,,
f8e27d4a,H Karunaratne,H Karunaratne,,,,,
53cd8da6,Harmanpreet Kaur,H Kaur,,N/A,08 March 1989,0,Indian
94238673,,HK Bennett,,,,,
235c2bb6,Heinrich Klaasen,H Klaasen,2018,Wicketkeeper Batter,30 July 1991,35,South African
d32cf49a,Hayley Matthews,HK Matthews,,N/A,19 March 1998,0,West Indian
d3a44255,HL Colvin,HL Colvin,,,,,
a594a6e0,HL Ferling,HL Ferling,,,,,
85021bcd,,H Madavi,,,,,
e798611a,Hashim Amla,HM Amla,,Batter,31 March 1983,16,South African
31fbf891,H Masakadza,H Masakadza,,,,,
4fc516bd,HMCM Bandara,HMCM Bandara,,,,,
d6f9dfd6,HMD Rasangika,HMD Rasangika,,,,,
03521fd3,HM Nicholls,HM Nicholls,,,,,
84f43704,,HM Rajapaksha,,,,,
d2fcce2f,HMRKB Herath,HMRKB Herath,,,,,
8ca1f93a,HM Rowe,HM Rowe,,,,,
b8cce99f,HNK Jensen,HNK Jensen,,,,,
2b8b75a0,H Osinde,H Osinde,,,,,
c4ff0618,H Patel,H Patel,,,,,
0a7c6649,HRC Came,HRC Came,,,,,
ae01eb1e,HR Hosein,HR Hosein,,,,,
8d6b36e3,HR Huddleston,HR Huddleston,,,,,
1ac2a995,HR Walsh,HR Walsh,,,,,
7839bf3a,HS Baidwan,HS Baidwan,,,,,
59ea70a4,HT Tector,HT Tector,,,,,
bb4b445b,Hussain Talat,Hussain Talat,,,,,
f986ca1a,Harshal Patel,HV Patel,2012,Bowler,23 November 1990,106,Indian
ab965cad,HWR Cartwright,HWR Cartwright,,,,,
6b16f8ba,HZ Finch,HZ Finch,,,,,
542fd5a6,,IA Cockbain,,,,,
d4550956,Ibrahim Zadran,Ibrahim Zadran,,,,,
e0407c01,Ishwar Pandey,IC Pandey,,Bowler,15 August 1989,25,Indian
a7489342,IDR Bradshaw,IDR Bradshaw,,,,,
29e253dd,Iftikhar Ahmed,Iftikhar Ahmed,,,,,
6adf9347,Iftikhar Anjum,Iftikhar Anjum,,,,,
b68a30f0,IG Butler,IG Butler,,,,,
4167f30b,IG Holland,IG Holland,,,,,
54725e8b,IH Romaine,IH Romaine,,,,,
5aeab54c,Ihsanullah,Ihsanullah,,,,,
ac7fa28f,IJL Trott,IJL Trott,,,,,
5fa06777,Irfan Pathan,IK Pathan,2008,All-rounder,27 October 1984,103,Indian
f67c958d,Ikram Alikhil,Ikram Alikhil,,,,,
9cb8d7a6,Imad Wasim,Imad Wasim,,,,,
40c041ea,Imam-ul-Haq,Imam-ul-Haq,,,,,
d3b4b8ed,IMHC Joyce,IMHC Joyce,,,,,
dba4f593,Imran Ali,Imran Ali,,,,,
72683b68,B. Sai Sudharsan,Imran Butt (2),2022,All Rounder,15 October 2001,25,Indian
480ed517,Imran Farhat,Imran Farhat,,,,,
0226b73a,Imran Haider,Imran Haider,,,,,
b8eddbdb,,Imran Khalid,,,,,
2b0f2af3,,Imran Khan (2),,,,,
3eb7c45d,Imran Nazir,Imran Nazir,,,,,
e5652e3d,Imran Qayyum,Imran Qayyum,,,,,
acee4cc4,Imran Tahir,Imran Tahir,2014,Bowler,27 March 1979,59,South African
5fbe14fc,,Imrul Kayes,,,,,
b9a3d8c6,,Inzamam-ul-Haq,,,,,
85aae393,Iqbal Abdulla,Iqbal Abdulla,2008,Bowler,02 December 1989,49,Indian
dc596fac,,Iram Javed,,,,,
a61850e6,,I Ranaweera,,,,,
33155d1b,IR Bell,IR Bell,,,,,
5c124657,Irfan Ahmed,Irfan Ahmed,,,,,
722f9da4,Irfanullah Shah,Irfanullah Shah,,,,,
dded65e7,Ishank Jaggi,IR Jaggi,2011,Batter,27 January 1989,7,Indian
1fb2f362,IS Billcliff,IS Billcliff,,,,,
965bc78f,Ishan Jayaratne,Ishan Jayaratne,,,,,
752f7486,Ishan Kishan,Ishan Kishan,2016,Wicketkeeper Batter,18 July 1998,105,Indian
5bb1a1c4,Ishant Sharma,I Sharma,2008,Bowler,02 September 1988,110,Indian
641ac5ff,Ish Sodhi,IS Sodhi,,Bowler,31 October 1992,8,New Zealander
ac5ae4af,Isuru Udana,I Udana,,Bowler,17 February 1988,10,Sri Lankan
7429c452,,I Wardlaw,,,,,
f96933f0,Izatullah Dawlatzai,Izatullah Dawlatzai,,,,,
8bf61e65,JA Brooks,JA Brooks,,,,,
7a5f232a,JA Burns,JA Burns,,,,,
bed90114,JA Clarkson,JA Clarkson,,,,,
bc867003,JA Drakes,JA Drakes,,,,,
dadbdb68,JA Duffy,JA Duffy,,,,,
752183c1,Jahanara Alam,Jahanara Alam,,N/A,01 April 1993,0,Bangladeshi
fe4ebca0,,JA Haynes,,,,,
cd56a813,Jaker Ali,Jaker Ali,,,,,
249abedf,Jalaj Saxena,Jalaj S Saxena,,All-rounder,15 December 1986,1,Indian
f2ab7a69,JA Leaning,JA Leaning,,,,,
c7105dab,JA McCollum,JA McCollum,,,,,
5bfdc77a,James Bracey,James Bracey,,,,,
c3d35165,Albie Morkel,JA Morkel,2008,All-rounder,10 June 1981,91,South African
d5bbb6a2,J Anderson,J Anderson,,,,,
5f966ec0,JA Raval,JA Raval,,,,,
f1ba9ed7,JAR Harris,JAR Harris,,,,,
1ee08e9a,Jhye Richardson,JA Richardson,2021,Bowler,20 September 1996,4,Australian
42537f07,JA Rudolph,JA Rudolph,,,,,
f05fe9b1,JA Simpson,JA Simpson,,,,,
793977d8,JA Tattersall,JA Tattersall,,,,,
1d2f290a,JA Thompson,JA Thompson,,,,,
b80dd12c,Jatinder Singh,Jatinder Singh,,,,,
0087a35d,Javed Ahmadi,Javed Ahmadi,,,,,
e15faa51,,Javed Omar,,,,,
d921449d,Javeria Khan,Javeria Khan,,,,,
cc23e91e,JA Warrican,JA Warrican,,,,,
dd6e32da,JB Cracknell,JB Cracknell,,,,,
c3b93a03,J Blackwood,J Blackwood,,,,,
e5218454,JB Lintott,JB Lintott,,,,,
7bf606c6,JB Nero,JB Nero,,,,,
7c503806,Johan Botha,J Botha,2009,All-rounder,02 May 1982,34,South African
6a685375,JB Reva,JB Reva,,,,,
64770caf,JB Tector,JB Tector,,,,,
5574750c,Jofra Archer,JC Archer,2018,All-rounder,01 April 1995,40,English
99b75528,Jos Buttler,JC Buttler,2016,Wicketkeeper Batter,08 September 1990,107,English
09a9d073,J Charles,J Charles,,,,,
782c0568,JC Hildreth,JC Hildreth,,,,,
c672e80e,J Clark,J Clark,,,,,
49b6c09f,,JC Tredwell,,,,,
bab78fa2,J Da Silva,J Da Silva,,,,,
6fd0c8e1,JD Campbell,JD Campbell,,,,,
aceb7654,,JDF Vandersay,,,,,
0d61d8f0,,JD Libby,,,,,
3eac9d95,Jacob Oram,JDP Oram,2008,All-rounder,28 July 1978,18,New Zealander
91ffa6c6,Jesse Ryder,JD Ryder,2009,Batting All-rounder,06 August 1984,29,New Zealander
9219eff0,Jimmy Neesham,JDS Neesham,2014,Batting Allrounder,17 September 1990,14,New Zealander
1e66c162,Jaydev Unadkat,JD Unadkat,2010,Bowler,18 October 1991,105,Indian
d786a8a1,JD Warner,JD Warner,,,,,
5ebc3941,JE Cameron,JE Cameron,,,,,
cf73ad76,James Franklin,JEC Franklin,2011,All-rounder,07 November 1980,20,New Zealander
bbbb7f1e,JE Poysden,JE Poysden,,,,,
a343262c,JE Root,JE Root,,,,,
4180d897,Jerome Taylor,JE Taylor,,N/A,22 June 1984,5,West Indian
aae9ce90,,JF Mooney,,,,,
91cd48e0,JF Smith,JF Smith,,,,,
642e8af0,JG Dill,JG Dill,,,,,
84f1ae7f,Jhulan Goswami,J Goswami,,N/A,25 November 1982,0,Indian
40d29a33,Danielle Hazell,J Hazell,,N/A,13 May 1988,0,English
d3868bd0,JH Davey,JH Davey,,,,,
7cc15633,JHK Adams,JHK Adams,,,,,
86dc8f2e,Jacques Kallis,JH Kallis,2008,All-rounder,16 October 1975,98,South African
23f2143b,,JH Plom,,,,,
42a5c1c7,JH Wharton,JH Wharton,,,,,
cb08b611,Jemimah Rodrigues,JI Rodrigues,,N/A,05 September 2000,0,Indian
9ee20654,J Ives,J Ives,,,,,
bf2d865c,JJ Atkinson,JJ Atkinson,,,,,
003d49e6,JJ Bazley,JJ Bazley,,,,,
fd96de7c,JJ Bohannon,JJ Bohannon,,,,,
462411b3,Jasprit Bumrah,JJ Bumrah,2013,Bowler,06 December 1993,133,Indian
58c481c6,,JJ Cobb,,,,,
c843f442,JJ Jones,JJ Jones,,,,,
047d9032,JJ Krejza,JJ Krejza,,,,,
d1c36f5c,Jason Roy,JJ Roy,2017,Batter,21 July 1990,21,English
bceb1b07,JJ Tucker,JJ Tucker,,,,,
a05d0552,JJ Weatherley,JJ Weatherley,,,,,
dda5aae5,JK Fuller,JK Fuller,,,,,
d996ba33,J Kila,J Kila,,,,,
270b3f8e,JK Kamande,JK Kamande,,,,,
f8dcfe4e,JK Mukhiya,JK Mukhiya,,,,,
52f7299a,JK Silva,JK Silva,,,,,
dfcebdbe,JKZ Daniel,JKZ Daniel,,,,,
76dc16d4,JLB Davies,JLB Davies,,,,,
0a9d8b61,JL Carter,JL Carter,,,,,
bdadf7da,Joe Denly,JL Denly,,Batting Allrounder,16 March 1986,1,English
6e6fb538,,JL du Plooy,,,,,
1ccf9e7e,JL Finnie,JL Finnie,,,,,
110839f2,JL Hunter,JL Hunter,,,,,
4170b506,J Linde,J Linde,,,,,
9061a703,J Little,J Little,,,,,
0475a86b,JL Jonassen,JL Jonassen,,,,,
55f33b32,JL Ontong,JL Ontong,,,,,
f752db61,James Pattinson,JL Pattinson,2012,Bowler,03 May 1990,10,Australian
c834c290,JL Smith,JL Smith,,,,,
cbc9af54,JL Solozano,JL Solozano,,,,,
d12143bf,JM Anderson,JM Anderson,,,,,
abb83e27,Jonny Bairstow,JM Bairstow,2019,Wicketkeeper Batter,26 September 1989,50,English
bc773eeb,JM Bird,JM Bird,,,,,
2eca67f5,JM Clarke,JM Clarke,,,,,
ff154ecd,JM Cox,JM Cox,,,,,
5471024e,JM Davison,JM Davison,,,,,
62d34d5c,,JM Fields,,,,,
70c4f525,JM Holland,JM Holland,,,,,
fd8f11e9,JM How,JM How,,,,,
6581d753,JM Kemp,JM Kemp,,,,,
9af58032,JM Kerr,JM Kerr,,,,,
a4094f4a,JM McMillan,JM McMillan,,,,,
f048bb41,JM Mennie,JM Mennie,,,,,
52f08be8,JM Muirhead,JM Muirhead,,,,,
71bbaead,J Morgan,J Morgan,,,,,
aed5be04,JMR Taylor,JMR Taylor,,,,,
a9520ac2,J Mubarak,J Mubarak,,,,,
a15618fe,,JM Vince,,,,,
7239a365,JM Watkin,JM Watkin,,,,,
78feb458,JN Hamilton,JN Hamilton,,,,,
f76d7466,JN Malan,JN Malan,,,,,
773cec26,JN Mohammed,JN Mohammed,,,,,
024a173d,J Nyumbu,J Nyumbu,,,,,
0f721006,Jason Holder,JO Holder,2013,All-rounder,05 November 1991,46,West Indian
a9a4df9f,JO Ngoche,JO Ngoche,,,,,
59559bc2,J Overton,J Overton,,,,,
3186fb56,Joyraz Sheik,Joyraz Sheik,,,,,
5c86c3c2,JPA Taylor,JPA Taylor,,,,,
4933f499,Jason Behrendorff,JP Behrendorff,2019,Bowler,20 April 1990,17,Australian
7c63baa7,JP Bray,JP Bray,,,,,
2e8994e7,JP Duminy,JP Duminy,2009,Batting All-rounder,14 April 1984,83,South African
808f425a,James Faulkner,JP Faulkner,2011,All-rounder,29 April 1990,60,Australian
99ed60f8,Javon Searles,JPR Scantlebury-Searles,,Bowler,21 December 1986,4,West Indian
9cebb612,JR Doran,JR Doran,,,,,
03806cf8,Josh Hazlewood,JR Hazlewood,2012,Bowler,08 January 1991,27,Australian
530b20e3,JRMVB Sanjaya,JRMVB Sanjaya,,,,,
39086549,Josh Philippe,JR Philippe,,Wicketkeeper Batter,01 June 1997,5,Australian
59fff843,JR Winslade,JR Winslade,,,,,
b82e3032,J Shaw,J Shaw,,,,,
7c8f533d,JS Paris,JS Paris,,,,,
f5821615,JS Patel,JS Patel,,,,,
4125d931,Jagadeesha Suchith,J Suchith,2015,Bowler,16 January 1994,22,Indian
c64c2443,Syed Mohammad,J Syed Mohammad,2011,Bowler,01 January 2012,11,Indian
05d4c10d,,JTA Benton,,,,,
a4a2a0c0,,JTA Burnham,,,,,
3d0ed2f9,JT Ball,JT Ball,,,,,
dec8e038,Juan Theron,J Theron,2010,Bowler,24 July 1985,10,American
42172c3c,JT Smuts,JT Smuts,,,,,
902d916b,Jubair Hossain,Jubair Hossain,,,,,
92780e2f,JU Goolie,JU Goolie,,,,,
086f5984,Junaid Khan,Junaid Khan,,,,,
62e203d4,Junaid Siddique,Junaid Siddique,,,,,
7be8a0ed,JW Dernbach,JW Dernbach,,,,,
012829ff,John Hastings,JW Hastings,,All-rounder,04 November 1985,3,Australian
1afdbdbf,JWM Dalrymple,JWM Dalrymple,,,,,
ec33b21a,JW Shutt,JW Shutt,,,,,
81049310,Jayant Yadav,J Yadav,2015,Bowler,22 January 1990,20,Indian
60dd8960,Kabir Ali,Kabir Ali,,,,,
4ac6664d,KADA Kanchana,KADA Kanchana,,,,,
543d3e69,KAD Hurdle,KAD Hurdle,,,,,
d06335fd,KA Edwards,KA Edwards,,,,,
c59d8f8a,KA Hope,KA Hope,,,,,
68c56d09,Kyle Jamieson,KA Jamieson,2021,Bowler,30 December 1994,9,New Zealander
78eb4223,Kemar Roach,KAJ Roach,,N/A,30 June 1988,2,West Indian
5b9b3c32,KA Kallicharan,KA Kallicharan,,,,,
0b60eb09,KA Maharaj,KA Maharaj,,,,,
ff077124,Kamran Akmal,Kamran Akmal,,N/A,13 January 1982,6,Pakistani
35f4cf7e,Kamran Ghulam,Kamran Ghulam,,,,,
75186c24,Kamran Shazad,Kamran Shazad,,,,,
f7e9a562,Kamrul Islam Rabbi,Kamrul Islam Rabbi,,,,,
a757b0d8,Kieron Pollard,KA Pollard,2010,All-rounder,12 May 1987,189,West Indian
d73287e4,Karamat Ali,Karamat Ali,,,,,
f53b3e1d,Karan KC,Karan KC,,,,,
1647bd37,Karanveer Singh,Karanveer Singh,,All-rounder,08 November 1987,9,Indian
62175638,Karim Janat,Karim Janat,,,,,
13e5908b,Karim Sadiq,Karim Sadiq,,,,,
5d2eea49,Kartik Tyagi,Kartik Tyagi,2020,Bowler,08 November 2000,20,Indian
fccb94c3,Kaveen Bandara,Kaveen Bandara,,,,,
7daedf2f,Arun Karthik,KB Arun Karthik,2010,Batter,15 February 1986,16,Indian
e3386c8a,K Bhurtel,K Bhurtel,,,,,
7d5af2ea,KC Brathwaite,KC Brathwaite,,,,,
edb3d4f8,KC Cariappa,KC Cariappa,2015,Bowler,13 April 1994,11,Indian
7ad1bec6,K Christoffels,K Christoffels,,,,,
6b71e6cf,Kumar Sangakkara,KC Sangakkara,2008,Wicketkeeper Batter,27 October 1977,71,Sri Lankan
c03f1114,Dinesh Karthik,KD Karthik,2008,Wicketkeeper Batter,01 June 1985,257,Indian
f3bde2b3,KDK Vithanage,KDK Vithanage,,,,,
7fb32e5b,Kyle Mills,KD Mills,,N/A,15 March 1979,0,New Zealander
365229a8,K Doriga,K Doriga,,,,,
d5ae21a2,KD Shah,KD Shah,,,,,
a0fdf513,KDU Prabodhani,KDU Prabodhani,,,,,
7c0055c1,KE Broadmore,KE Broadmore,,,,,
90de905a,Krishnappa Gowtham,K Gowtham,2018,Bowling Allrounder,20 October 1988,36,Indian
bec997fc,Khadija Tul Kubra,Khadija Tul Kubra,,,,,
5dbdecf1,Khaled Ahmed,Khaled Ahmed,,,,,
5eea345c,Khalid Latif,Khalid Latif,,,,,
934b36a6,Khawar Ali,Khawar Ali,,,,,
6a434bd3,KH Brunt,KH Brunt,,,,,
5b8c830e,Krunal Pandya,KH Pandya,2016,All-rounder,24 March 1991,127,Indian
796e4140,Khurram Chohan,Khurram Chohan,,,,,
ae6746e0,Khurram Khan,Khurram Khan,,,,,
82c78845,Khurram Manzoor,Khurram Manzoor,,,,,
9fadc326,Khurram Shehzad,Khurram Shehzad,,,,,
fce581b5,,Khushdil Shah,,,,,
732c038e,KIC Asalanka,KIC Asalanka,,,,,
a9da7784,Kyle Abbott,KJ Abbott,2015,All-rounder,18 June 1987,5,South African
85d8110a,KJ Coetzer,KJ Coetzer,,,,,
0b69a844,KJ Garth,KJ Garth,,,,,
714af18b,KJ Harding,KJ Harding,,,,,
cf75a839,KJ Martin,KJ Martin,,,,,
4c895bc1,KJ McClure,KJ McClure,,,,,
243431b5,KJ O'Brien,KJ O'Brien,,,,,
a2f46292,Khaleel Ahmed,KK Ahmed,2018,Bowler,05 December 1997,57,Indian
557153ca,Kevon Cooper,KK Cooper,,Bowling All-rounder,02 February 1989,25,West Indian
fa2f1dde,Kulwant Khejroliya,K Khejroliya,2018,Bowler,02 March 1995,7,Indian
8479a24a,KK Jennings,KK Jennings,,,,,
944533a5,Karun Nair,KK Nair,2013,Batting All-rounder,06 December 1991,76,Indian
655dd28c,KK Peters,KK Peters,,,,,
1ade138e,KL Cross,KL Cross,,,,,
00823a96,,KL Gordon,,,,,
b4f5c2d9,Kamlesh Nagarkoti,KL Nagarkoti,2018,Bowler,28 December 1999,12,Indian
b17e2f24,KL Rahul,KL Rahul,2013,Wicketkeeper Batter,18 April 1992,132,Indian
75224f22,Keemo Paul,KMA Paul,2019,All-rounder,21 February 1998,8,West Indian
798cc28e,KM Asif,KM Asif,2018,Bowler,24 July 1993,7,Indian
f8929fe0,,K Matigimu,,,,,
fa8f9dc3,KM Beams,KM Beams,,,,,
2c997ad3,,KMC Bandara,,,,,
469ea22b,Nuwan Kulasekara,KMDN Kulasekara,2011,Bowler,22 July 1982,6,Sri Lankan
99d63244,Kedar Jadhav,KM Jadhav,2010,All-rounder,26 March 1985,95,Indian
59792462,KM Jarvis,KM Jarvis,,,,,
585dda5d,KNA Bandara,KNA Bandara,,,,,
e012ad13,KOA Powell,KOA Powell,,,,,
78cb83f3,KOK Williams,KOK Williams,,,,,
e43fb0fb,Komal Zanzad,Komal Zanzad,,N/A,10 July 1991,0,
d92e42f5,KP Appanna,KP Appanna,2009,Bowler,20 December 1988,14,Indian
a61bcb94,K Pierre,K Pierre,,,,,
39f01cdb,Kevin Pietersen,KP Pietersen,2009,Batter,27 June 1980,36,English
e62dd25d,Kagiso Rabada,K Rabada,2017,Bowler,25 May 1995,80,South African
321c980e,K Ramharack,K Ramharack,,,,,
3165bc1b,Krishna Chandran,Krishna Chandran,,,,,
73c18486,KR Mayers,KR Mayers,,,,,
3ca421b6,KR Rutherford,KR Rutherford,,,,,
531f0278,Krishmar Santokie,K Santokie,2014,Bowler,20 December 1984,2,West Indian
9e707e02,KS Carlson,KS Carlson,,,,,
314642ed,K Sinclair,K Sinclair,,,,,
3b50c63a,KS Lokuarachchi,KS Lokuarachchi,,,,,
d027ba9f,Kane Williamson,KS Williamson,2015,Batter,08 August 1990,78,New Zealander
9b79b9de,KTGD Prasad,KTGD Prasad,,,,,
8f93efd3,KT Kasuza,KT Kasuza,,,,,
78ad3258,KT Perkins,KT Perkins,,,,,
41c8bae3,KT Sandher,KT Sandher,,,,,
6020a3c6,KU Carty,KU Carty,,,,,
8d2c70ad,Kuldeep Yadav,Kuldeep Yadav,2016,Bowler,14 December 1994,84,Indian
27e71d47,Krishnakant Upadhyay,K Upadhyay,,N/A,18 June 1986,3,Indian
bf814547,K Verreynne,K Verreynne,,,,,
b955802a,KV Jain,KV Jain,,,,,
119678fd,Karn Sharma,KV Sharma,2013,All-rounder,23 October 1987,84,Indian
08323d6b,K Whatham,K Whatham,,,,,
dfc4d8b5,Kane Richardson,KW Richardson,2013,Bowler,12 February 1991,15,Australian
f3ca0dd8,KW Stirling,KW Stirling,,,,,
552f664a,Kycia A Knight,Kycia A Knight,,,,,
e5a8f7c3,KYG Ottley,KYG Ottley,,,,,
50a92895,KY Ottley,KY Ottley,,,,,
d85a1960,Kyshona A Knight,Kyshona A Knight,,,,,
4a461c24,LA Dawson,LA Dawson,,,,,
fe6d2da9,LAGL Kirby,LAGL Kirby,,,,,
ad427b5c,Lalit Yadav,Lalit Yadav,2021,All-Rounder,03 January 1997,27,Indian
9706e64b,LA Marsh,LA Marsh,,,,,
b63ab531,Luke Pomersbach,LA Pomersbach,2008,Batter,28 September 1984,17,Australian
07c8a2f4,,LA Procter,,,,,
5bf87532,Lata Mondal,Lata Mondal,,,,,
b2b50355,Lakshmipathy Balaji,L Balaji,2008,Bowler,27 September 1981,73,Indian
bdc0670a,LBK Hollman,LBK Hollman,,,,,
275dff85,L Cheatle,L Cheatle,,,,,
85ebf2be,LC Norwell,LC Norwell,,,,,
340202b0,LCN Smith,LCN Smith,,,,,
6bb7a785,LC Sthalekar,LC Sthalekar,,,,,
1b3945ef,LC Williamson,LC Williamson,,,,,
8dd02a98,Dinesh Chandimal,LD Chandimal,,N/A,18 November 1989,0,Sri Lankan
b4f73b44,L Delany,L Delany,,,,,
de063a39,LD Madushanka,LD Madushanka,,,,,
6feb46a4,LD McManus,LD McManus,,,,,
8b552293,LE Kaushalya,LE Kaushalya,,,,,
b54b66b3,L Embuldeniya,L Embuldeniya,,,,,
9a963804,Liam Plunkett,LE Plunkett,,N/A,06 April 1985,7,English
0bb32e98,L Goodall,L Goodall,,,,,
06c2de82,L Gregory,L Gregory,,,,,
30b60511,LHD Dilhara,LHD Dilhara,,,,,
2f9d0389,Lockie Ferguson,LH Ferguson,2017,Bowler,13 June 1991,45,New Zealander
d3611425,Lukman Meriwala,LI Meriwala,,Bowler,11 December 1991,1,Indian
0404d43c,Liton Das,Liton Das,,,,,
0ce7c466,L Jayasinghe,L Jayasinghe,,,,,
dfb51f40,LJ Carter,LJ Carter,,,,,
1c513d54,LJ Evans,LJ Evans,,,,,
e423d162,LJ Fletcher,LJ Fletcher,,,,,
35f9a295,LJ Hill,LJ Hill,,,,,
45ca0dc0,LJ Hurt,LJ Hurt,,,,,
9ba59a3c,LJ Woodcock,LJ Woodcock,,,,,
cca50cd6,Luke Wright,LJ Wright,,N/A,07 March 1985,7,English
69a9bb78,LK O'Reilly,LK O'Reilly,,,,,
7b01ce83,L Lee,L Lee,,,,,
b018e1eb,L Louwrens,L Louwrens,,,,,
12bffe91,,LL Tsotsobe,,,,,
ac8bca8d,L Maritz,L Maritz,,,,,
9b73d523,,LM Kasperek,,,,,
60471339,Lea Tahuhu,LMM Tahuhu,,N/A,23 September 1990,0,New Zealander
89f64c19,Lendl Simmons,LMP Simmons,2014,Batter,25 January 1985,29,West Indian
9789e56e,,LM Reece,,,,,
f834dcfc,Lungi Ngidi,L Ngidi,2018,Bowler,29 March 1996,14,South African
6ad2d5f7,LN Rajbanshi,LN Rajbanshi,,,,,
4487cc09,LOB Cann,LOB Cann,,,,,
1be70c88,LPC Silva,LPC Silva,,N/A,30 April 2012,3,
ed47cb25,LP Goldsworthy,LP Goldsworthy,,,,,
7626a471,L Philander,L Philander,,,,,
cb7c8cdf,LP Smith,LP Smith,,,,,
4ab6d138,LR Doolan,LR Doolan,,,,,
19147fe0,,LR Down,,,,,
b8f3362a,LR Johnson,LR Johnson,,,,,
0fa5042b,Luke Ronchi,L Ronchi,,N/A,23 April 1981,5,New Zealander
b61a3e1a,Ross Taylor,LRPL Taylor,2008,Batter,08 March 1984,55,New Zealander
b1451597,Laxmi Ratan Shukla,LR Shukla,2008,All-rounder,06 May 1981,47,Indian
923b0e02,LS Greenway,LS Greenway,,,,,
6b4593ee,L Siaka,L Siaka,,,,,
f892fcf9,L Sipamla,L Sipamla,,,,,
50c6bc2b,Liam Livingstone,LS Livingstone,2019,Batter,04 August 1993,39,English
b5781ac3,L Trevaskis,L Trevaskis,,,,,
3979b5e0,L Tucker,L Tucker,,,,,
2764133a,L Vincent,L Vincent,,,,,
782fb776,LV van Beek,LV van Beek,,,,,
5230a33d,L Winfield,L Winfield,,,,,
e60f81c9,L Wolvaardt,L Wolvaardt,,,,,
65b6943c,L Wood,L Wood,,,,,
00ea847a,Mayank Agarwal,MA Agarwal,2011,Batter,18 February 1991,127,Indian
e2ee90d9,MA Aponso,MA Aponso,,,,,
318a4039,MAA Sanjeewani,MAA Sanjeewani,,,,,
65d39793,MA Ashraf,MA Ashraf,,,,,
8305580c,MA Carberry,MA Carberry,,,,,
fc6f22e9,MA Cohen,MA Cohen,,,,,
3f440bd6,MADD Surangika,MADD Surangika,,,,,
9dad0f2e,Mahedi Hasan,Mahedi Hasan,,,,,
bf1d7d3e,Mahmudullah,Mahmudullah,,,,,
28131839,MA Leask,MA Leask,,,,,
af8beac9,Manali Dakshini,Manali Dakshini,,N/A,29 September 1997,0,Indian
c3a96caf,Mandeep Singh,Mandeep Singh,2010,Batter,18 December 1991,110,Indian
681af475,M Ansari,M Ansari,,,,,
0939c670,MA Ouma,MA Ouma,,,,,
e186f49c,Mashrafe Mortaza,Mashrafe Mortaza,,N/A,05 October 1983,1,Bangladeshi
e2db2409,Murugan Ashwin,M Ashwin,2016,Bowler,08 September 1990,44,Indian
3fb19989,Mitchell Starc,MA Starc,2014,Bowler,30 January 1990,41,Australian
8d92a2c3,Mark Wood,MA Wood,2018,Bowler,11 January 1990,5,English
a457cfb5,Mayank Dagar,Mayank Dagar,2023,All-rounder,11 November 1996,8,Indian
684d21d7,,M Bhanuka,,,,,
1ca7c00f,M Carter,M Carter,,,,,
32198ae0,Moises Henriques,MC Henriques,2009,All-rounder,01 February 1987,62,Australian
605b7efa,Manpreet Juneja,MC Juneja,2012,Batter,12 September 1990,7,Indian
3f18724b,MC Sorensen,MC Sorensen,,,,,
16443d2f,M Daniels,M Daniels,,,,,
1b3acd33,MD Bates,MD Bates,,,,,
f53d6c10,MD Bates,MD Bates (2),,,,,
c8574282,MD Craig,MD Craig,,,,,
5be810ba,MD Dai,MD Dai,,,,,
d34a2268,MDE Holden,MDE Holden,,,,,
d4eef961,Marchant de Lange,M de Lange,2012,Bowler,13 October 1990,5,South African
8f2dfebf,MD Fisher,MD Fisher,,,,,
509a7ca1,MD Gunathilaka,MD Gunathilaka,,,,,
f21043a5,MDKJ Perera,MDKJ Perera,,,,,
5531248e,MDK Perera,MDK Perera,,,,,
6afb26d6,Mohnish Mishra,MD Mishra,,N/A,09 February 1984,18,Indian
dfc89c58,MDN Hansika,MDN Hansika,,,,,
3ff033bb,MD Shanaka,MD Shanaka,,,,,
1b77f62b,MD Stoneman,MD Stoneman,,,,,
01a95383,MD Taylor,MD Taylor,,,,,
fefe8d52,MDT Kamini,MDT Kamini,,,,,
e219f17a,M du Preez,M du Preez,,,,,
15101f12,ME Claydon,ME Claydon,,,,,
c58b0108,Mehedi Hasan Miraz,Mehedi Hasan Miraz,,,,,
0b7363da,,Mehedi Hasan Rana,,,,,
d7bfcc0b,Mehran Khan,Mehran Khan,,,,,
48fd7349,Michael Hussey,MEK Hussey,2008,Batter,27 May 1975,59,Australian
3dcd1e8d,ME Milnes,ME Milnes,,,,,
38214163,Rasikh Dar,M Faraz Akram,2019,Bowler,05 April 2000,11,Indian
ab89348d,MF Maharoof,MF Maharoof,,,,,
f5180fe6,Mitchell Johnson,MG Johnson,2012,Bowling All-rounder,02 November 1981,54,Australian
715941c3,MGK Burgess,MGK Burgess,,,,,
0164b064,Michael Neser,MG Neser,2013,Bowling All-rounder,29 March 1990,1,Australian
8b261d84,MH Cross,MH Cross,,,,,
9f701298,MH McKiernan,MH McKiernan,,,,,
90f47cf2,MH Wessels,MH Wessels,,,,,
3812d56b,MH Yardy,MH Yardy,,,,,
c88bc84a,Miles Hammond,Miles Hammond,,,,,
cb1a782a,Mir Hamza,Mir Hamza,,,,,
bdd985f2,Mirwais Ashraf,Mirwais Ashraf,,,,,
7eae4418,Misbah-ul-Haq,Misbah-ul-Haq,,N/A,28 May 1974,8,Pakistani
81c36ee9,Marco Jansen,M Jansen,2021,All-rounder,01 May 2000,21,South African
f842c2cf,Michael Clarke,MJ Clarke,,N/A,02 April 1981,6,Australian
e2410b5e,,MJG Nielsen,,,,,
2be41edb,Martin Guptill,MJ Guptill,,Batter,30 September 1986,13,New Zealander
e84ac20c,Matt Henry,MJ Henry,,Bowler,14 December 1991,6,New Zealander
c5cc48bc,MJJ Critchley,MJJ Critchley,,,,,
3987e390,MJ Leach,MJ Leach,,,,,
11df3dc8,Michael Lumb,MJ Lumb,,N/A,02 December 1980,12,English
aab3e7be,MJ Mason,MJ Mason,,,,,
51a3c5ef,Mitchell McClenaghan,MJ McClenaghan,2015,Bowler,11 June 1986,56,New Zealander
47fb8d80,M Joshi,M Joshi,,,,,
894b2d25,MJ Potts,MJ Potts,,,,,
1200550f,MJ Prior,MJ Prior,,,,,
e4a0deae,Mitchell Santner,MJ Santner,2019,All-rounder,05 February 1992,18,New Zealander
86b4bf88,,MJ Swepson,,,,,
d84378a4,Mohammad Kaif,M Kaif,,Batter,01 December 1980,29,Indian
d26e0405,,MK Andersson,,,,,
63e3b6b3,M Kapp,M Kapp,,,,,
abfeb126,Murali Kartik,M Kartik,2008,Bowler,11 September 1976,56,Indian
ce85fcaf,M Klaas,M Klaas,,,,,
da934ee8,Mahipal Lomror,MK Lomror,2018,All-rounder,16 November 1999,40,Indian
93b4fc78,Manish Pandey,MK Pandey,2008,Batter,10 September 1989,171,Indian
26e5cabf,Manoj Tiwary,MK Tiwary,2008,Batter,14 November 1985,98,Indian
cd62f670,MK Villiers,MK Villiers,,,,,
fa433be6,M Labuschagne,M Labuschagne,,,,,
92aa28fe,ML Cummins,ML Cummins,,,,,
865eae1f,ML Green,ML Green,,,,,
d8699ab7,Matthew Hayden,ML Hayden,,N/A,29 October 1971,32,Australian
28217d89,,ML Revis,,,,,
17608a6f,Megan Schutt,ML Schutt,,N/A,15 January 1993,0,Australian
5f5e0c8c,ML Udawatte,ML Udawatte,,,,,
bb351c23,Moeen Ali,MM Ali,2018,All-rounder,18 June 1987,67,English
c42aaf71,Mithun Manhas,M Manhas,2008,Batter,12 October 1979,54,Indian
a9fd84fb,Mayank Markande,M Markande,2018,Bowler,11 November 1997,37,Indian
8629178f,MM English,MM English,,,,,
27e003ce,Meg Lanning,MM Lanning,,N/A,25 March 1992,0,Australian
7544bf30,MM Letsoalo,MM Letsoalo,,,,,
5bb5a915,Morne Morkel,M Morkel,2009,Bowler,06 October 1984,70,South African
8836fcac,M Mosehle,M Mosehle,,,,,
f0f628c7,Munaf Patel,MM Patel,2008,Bowler,12 July 1983,63,Indian
759ac88f,Mohit Sharma,MM Sharma,2013,Bowler,19 December 1991,112,Indian
4ba44e19,Muttiah Muralitharan,M Muralitharan,2008,Bowler,17 April 1972,66,Sri Lankan
f846de6a,Marlon Samuels,MN Samuels,2012,Batting All-rounder,05 February 1981,15,West Indian
20a941bb,Makhaya Ntini,M Ntini,,N/A,06 July 1977,9,South African
710dd98c,Morne van Wyk,MN van Wyk,,N/A,20 March 1979,5,South African
ec4dada1,MN Waller,MN Waller,,,,,
9a2ab8cd,MO Frew,MO Frew,,,,,
a089f93f,Mohammad Abbas,Mohammad Abbas,,,,,
9c7da91f,Mohammad Aftab,Mohammad Aftab,,,,,
e174dadd,Mohammad Amir,Mohammad Amir,,,,,
2bb09eb2,Mohammad Ashraful,Mohammad Ashraful,,N/A,07 July 1984,1,Bangladeshi
9ab63e7b,Mohammad Hafeez,Mohammad Hafeez,,N/A,17 October 1980,8,Pakistani
8596fe80,,Mohammad Hasnain,,,,,
a8e3170f,Mohammad Irfan,Mohammad Irfan,,,,,
77191792,Mohammad Mithun,Mohammad Mithun,,,,,
62af8546,Mohammad Nabi,Mohammad Nabi,2017,All Rounder,01 January 1985,24,Afghan
7923a51d,Mohammad Naim,Mohammad Naim,,,,,
4861d29b,Mohammad Naveed,Mohammad Naveed,,,,,
3086f7a4,Mohammad Nawaz,Mohammad Nawaz (3),,,,,
7ff3fcaa,Mohammad Rafique,Mohammad Rafique,,,,,
2f26ac1a,Mohammad Rizwan,Mohammad Rizwan,,,,,
b3a28446,Mohammad Saifuddin,Mohammad Saifuddin,,,,,
9eea360c,Mohammad Salman,Mohammad Salman,,,,,
68ddabdb,Mohammad Sami,Mohammad Sami,,,,,
c285c86e,Mohammad Shahid,Mohammad Shahid,,,,,
d6dcb0c9,Mohammad Shahzad,Mohammad Shahzad,,,,,
4c7df2c8,Mohammad Shahzad,Mohammad Shahzad (2),,,,,
0ec9e2c4,Mohammad Talha,Mohammad Talha,,,,,
eb7af112,Mohammad Tauqir,Mohammad Tauqir,,,,,
9287e5ae,Mohammad Umar Burki,Mohammad Umar Burki,,,,,
e237b28c,Mohammad Yousuf,Mohammad Yousuf,,,,,
8cf9814c,Mohammad Shami,Mohammed Shami,2009,Bowler,03 September 1990,110,Indian
2f49c897,Mohammed Siraj,Mohammed Siraj,2017,Bowler,13 March 1994,93,Indian
de0a3209,Mominul Haque,Mominul Haque,,,,,
fb24e76c,Monu Kumar,Monu Kumar,,Bowler,05 November 1994,1,Indian
f7c6ff20,,Mosabbek Hossain,,,,,
8919756f,Mosaddek Hossain,Mosaddek Hossain,,,,,
8eb611d0,Mosharraf Hossain,Mosharraf Hossain,,,,,
57a76baa,MP Dunn,MP Dunn,,,,,
b699df47,MP O'Dowd,MP O'Dowd,,,,,
85e0cf10,Prasidh Krishna,M Prasidh Krishna,2018,Bowler,19 February 1996,51,Indian
d9273ee7,Marcus Stoinis,MP Stoinis,2016,All-rounder,16 August 1989,96,Australian
6e1b1ec0,MP Vaughan,MP Vaughan,,,,,
fc55ec67,MR Adair,MR Adair,,,,,
4e7aa570,MR Aguilleira,MR Aguilleira,,,,,
ec2269dc,Mithali Raj,M Raj,,N/A,03 December 1982,0,Indian
de8d3876,Mahesh Rawat,M Rawat,2008,Wicketkeeper Batter,25 October 1985,18,Indian
7d7ab238,MR Gillespie,MR Gillespie,,,,,
1252f71a,MRJ Watt,MRJ Watt,,,,,
3d8feaf8,Mitchell Marsh,MR Marsh,2010,All-rounder,20 October 1991,42,Australian
89ee5191,Mona Meshram,MR Meshram,,N/A,30 September 1991,0,Indian
b082d112,MR Quinn,MR Quinn,,,,,
a75a78eb,MR Swart,MR Swart,,,,,
5afd4539,Manvinder Bisla,MS Bisla,2010,Wicketkeeper Batter,27 December 1984,39,Indian
7fa12533,MS Chapman,MS Chapman,,,,,
f0a0204e,MS Crane,MS Crane,,,,,
4a8a2e3b,MS Dhoni,MS Dhoni,2008,Wicketkeeper Batter,07 July 1981,264,Indian
ae78bc32,Manpreet Gony,MS Gony,2008,Bowler,01 January 1984,44,Indian
7dcb9bc9,Shahrukh Khan,M Shahrukh Khan,2021,allRounder,27 May 1995,40,Indian
9e85455c,MS Harris,MS Harris,,,,,
6766ca00,M Shumba,M Shumba,,,,,
5a37ec26,MS Panesar,MS Panesar,,,,,
270e4c23,MS Pepper,MS Pepper,,,,,
f57d5dbb,M Strano,M Strano,,,,,
afa7e784,Matthew Wade,MS Wade,2011,Wicketkeeper Batter,26 December 1987,15,Australian
d74d1090,MTC Waller,MTC Waller,,,,,
218d4d78,,MT Renshaw,,,,,
37312a74,Mudassar Bukhari,Mudassar Bukhari,,,,,
ff86a0e1,Muhammad Kaleem,Muhammad Kaleem,,,,,
9b8a3c39,Muhammad Musa,Muhammad Musa,,,,,
45642393,Muhammad Usman,Muhammad Usman,,,,,
7d92277a,Mujeeb Ur Rahman,Mujeeb Ur Rahman,2018,Bowler,28 March 2001,19,Afghan
456f6d99,Mukhtar Ahmed,Mukhtar Ahmed,,,,,
86fdf668,Muneeba Ali,Muneeba Ali,,,,,
04029c44,Munir Dar,Munir Dar,,,,,
712bbd92,Murshida Khatun,Murshida Khatun,,,,,
a94e08ea,Mushfiqur Rahim,Mushfiqur Rahim,,,,,
0a8fce53,Mustafizur Rahman,Mustafizur Rahman,2016,Bowler,06 September 1995,57,Bangladeshi
7eb36269,M van Lingen,M van Lingen,,,,,
f3cb53a1,Mark Boucher,MV Boucher,,N/A,03 December 1976,31,South African
4b57e452,Murali Vijay,M Vijay,2009,Batter,01 April 1984,106,Indian
c03e2850,Manan Vohra,M Vohra,2013,Batter,18 July 1993,56,Indian
5eef2118,MVT Fernando,MVT Fernando,,,,,
2e4f11e9,MV Waldron,MV Waldron,,,,,
8c7d6cbe,MW Machan,MW Machan,,,,,
19708692,MW Parkinson,MW Parkinson,,,,,
6a2fadd0,MW Pillans,MW Pillans,,,,,
a90e53ec,MW Short,MW Short,,,,,
023f6b02,Nadeem Ahmed,Nadeem Ahmed,,,,,
02e83ac5,Naeem Islam,Naeem Islam,,,,,
39e65963,NAG Farrar,NAG Farrar,,,,,
66078174,Nahida Akter,Nahida Akter,,,,,
3e7c0b1e,Nahida Khan,Nahida Khan,,,,,
5486d41f,Nain Abidi,Nain Abidi,,,,,
25e26a23,Najeeb Amar,Najeeb Amar,,,,,
2683e28b,Najeeb Tarakai,Najeeb Tarakai,,,,,
1212cbec,Najibullah Zadran,Najibullah Zadran,,,,,
9c9af282,Naseem Shah,Naseem Shah,,,,,
c981d3c2,Nashra Sandhu,Nashra Sandhu,,,,,
e70a0811,Nasir Aziz,Nasir Aziz,,,,,
6eea0b32,Nasir Hossain,Nasir Hossain,,,,,
b430ec8c,Nasir Jamal,Nasir Jamal,,,,,
4c4a06fb,Nasir Jamshed,Nasir Jamshed,,,,,
ee0c05c0,NA Sowter,NA Sowter,,,,,
54c58a5e,Nauman Ali,Nauman Ali,,,,,
21d4e29b,Navdeep Saini,NA Saini,2019,Bowler,23 November 1992,32,Indian
33f28243,Naved-ul-Hasan,Naved-ul-Hasan,,,,,
c0c411cb,Naveen-ul-Haq,Naveen-ul-Haq,,,,,
0503ae22,Nawroz Mangal,Nawroz Mangal,,,,,
1670dcfd,Nayeem Hasan,Nayeem Hasan,,,,,
1274d7ab,Nazmul Hossain Shanto,Nazmul Hossain Shanto,,,,,
6575e3bc,Nazmul Islam,Nazmul Islam,,,,,
1cbd881f,NB Beard,NB Beard,,,,,
9d280648,NB Budayair,NB Budayair,,,,,
58acb320,N Boochatham,N Boochatham,,,,,
b822e99c,Nathu Singh,NB Singh,,Bowler,08 September 1995,2,Indian
7260e1e9,NC Dodd,NC Dodd,,,,,
0825e4b3,N Chaiwai,N Chaiwai,,,,,
b5626ff7,Nattakan Chantham,N Chantam,,N/A,01 January 1996,0,Thai
72e361fe,N Davin,N Davin,,,,,
ea544967,N de Klerk,N de Klerk,,,,,
caf1b14c,N Deonarine,N Deonarine,,,,,
45963d9e,N Dickwella,N Dickwella,,,,,
dd883071,NE Bolton,NE Bolton,,,,,
59ddd811,NE Bonner,NE Bonner,,,,,
a1fa0d0f,Ngazibini Sigwili,Ngazibini Sigwili,,,,,
c5326dd0,NG Jones,NG Jones,,,,,
127bc5ca,NGRP Jayasuriya,NGRP Jayasuriya,,,,,
05b1aef8,NG Smith,NG Smith,,,,,
ed840f44,Nida Dar,Nida Dar,,,,,
3827f6a2,Nigar Sultana,Nigar Sultana,,,,,
e3eb9e46,Nizakat Khan,Nizakat Khan,,,,,
bd54eef5,Narayan Jagadeesan,N Jagadeesan,2020,Wicketkeeper Batter,24 December 1995,13,Indian
a6aac76b,NJ Browne,NJ Browne,,,,,
dff806f4,,NJ Carey,,,,,
44afbf2d,Nic Maddinson,NJ Maddinson,,Batter,21 December 1991,3,Australian
84826f48,NJ O'Brien,NJ O'Brien,,,,,
c7bdb5b5,NJ Reardon,NJ Reardon,,,,,
6042bf26,Nathan Rimmington,NJ Rimmington,2011,Bowler,11 November 1982,1,Australian
bab08c8b,NJ Selman,NJ Selman,,,,,
82c78412,N Koncharoenkai,N Koncharoenkai,,,,,
5239d782,NL Buck,NL Buck,,,,,
5673a3fc,Nathan McCullum,NL McCullum,,Bowler,01 September 1980,2,New Zealander
0f12f9df,Thisara Perera,NLTC Perera,2010,All-rounder,03 April 1989,37,Sri Lankan
4a36c370,,N Madziva,,,,,
56ab442f,Nathan Coulter-Nile,NM Coulter-Nile,2013,Bowler,11 October 1987,39,Australian
686362af,,N Mlaba,,,,,
96a6a7ad,NM Lyon,NM Lyon,,,,,
e87e87ee,Nuzhat Parween,NM Parween,,N/A,09 May 1996,0,Indian
dd468277,Gurnoor Singh Brar,N M'shangwe,,Bowler,25 May 2000,1,Indian
f0b4294e,,NND de Silva,,,,,
b4bbe95c,N Niranjana,N Niranjana,,,,,
753b5a2d,NN Odhiambo,NN Odhiambo,,,,,
ea3ffd1b,NO Miller,NO Miller,,,,,
72e46d30,Noor Ali Zadran,Noor Ali Zadran,,,,,
3241e3fd,Nicholas Pooran,N Pooran,2019,Wicketkeeper Batter,02 October 1995,76,West Indian
2af838ee,Nuwan Pradeep,N Pradeep,,N/A,19 October 1986,0,Sri Lankan
fb2d1dda,Nitish Rana,N Rana,2016,Batter,27 December 1993,107,Indian
e5437a99,NRD Compton,NRD Compton,,,,,
b3bad3f2,NR Kumar,NR Kumar,,,,,
f3a18a0c,Natalie Sciver,NR Sciver,,N/A,20 August 1992,0,English
c1a89821,NRT Gubbins,NRT Gubbins,,,,,
74c6c6e0,NR Welch,NR Welch,,,,,
addbde6c,Nitin Saini,N Saini,2012,Batter,28 October 1988,10,Indian
b17a4a93,N Shangase,N Shangase,,,,,
aedc3b7c,Nikhil Naik,NS Naik,2016,Wicketkeeper Batter,09 November 1994,4,Indian
a354c917,NT Broom,NT Broom,,,,,
d365d463,Nurul Hasan,Nurul Hasan,,,,,
a36915ce,N Vanua,N Vanua,,,,,
890946a0,Naman Ojha,NV Ojha,2009,Wicketkeeper Batter,20 July 1983,113,Indian
78adc879,N Wagner,N Wagner,,,,,
4c61a0f9,Nathan Bracken,NW Bracken,,N/A,12 September 1977,0,Australian
1d39dc61,NY McLean,NY McLean,,,,,
7bf96684,Owais Shah,OA Shah,2010,Batter,22 October 1978,23,English
324a6ee1,OB Cox,OB Cox,,,,,
529eb9e0,OC McCoy,OC McCoy,,,,,
0f3ee070,OE Robinson,OE Robinson,,,,,
23cca426,OF Smith,OF Smith,,,,,
60f4c586,OG Robinson,OG Robinson,,,,,
e94bc520,OJ Pope,OJ Pope,,,,,
519b872a,O Kamchomphu,O Kamchomphu,,,,,
f71de062,OL Pitcher,OL Pitcher,,,,,
3f659464,OP Stone,OP Stone,,,,,
eab61ead,ORT Sale,ORT Sale,,,,,
c6097d68,Oshane Thomas,O Thomas,2019,Bowler,18 February 1997,4,West Indian
52d3b7ff,OU Ranasinghe,OU Ranasinghe,,,,,
fccf5309,PA Desai,PA Desai,,,,,
79aad751,PADLR Sandakan,PADLR Sandakan,,,,,
03252e44,PA Jaques,PA Jaques,,,,,
f14c62e4,PA Nixon,PA Nixon,,,,,
e32d22f6,Pankaj Singh,Pankaj Singh,2008,Bowler,06 May 1985,17,Indian
005f0561,Panna Ghosh,Panna Ghosh,,,,,
b5da6c24,Parthiv Patel,PA Patel,2008,Wicketkeeper Batter,09 March 1985,139,Indian
2461eef2,Akshath Reddy,PA Reddy,2012,Batter,11 February 1991,12,Indian
5f75a7c5,PARP Perera,PARP Perera,,,,,
9170ff49,Parveez Rasool,Parvez Rasool,2013,Bowling All-rounder,13 February 1989,11,Indian
b319df8c,PAS McSween,PAS McSween,,,,,
4557dc54,PA van Meekeren,PA van Meekeren,,,,,
1a0c3177,Parvinder Awana,P Awana,2012,Bowler,19 July 1986,33,Indian
6c882e9a,PBB Rajapaksa,PBB Rajapaksa,,,,,
bb20e182,P Burger,P Burger,,,,,
b40ee8a8,PC de Silva,PC de Silva,,,,,
8ac93ca2,Prashant Chopra,P Chopra,,Wicketkeeper Batter,07 October 1992,1,Indian
71440756,P Coughlin,P Coughlin,,,,,
25eeb281,Paul Valthaty,PC Valthaty,2009,Batter,07 December 1983,23,Indian
a386e91b,Paul Collingwood,PD Collingwood,2010,All-rounder,26 May 1976,8,English
2728e7e9,Paras Dogra,P Dogra,2010,Batter,19 November 1984,13,Indian
3d284ca3,PD Salt,PD Salt,,,,,
93e06301,PD Trego,PD Trego,,,,,
ed5a5510,Pravin Dubey,P Dubey,2020,Bowler,01 July 1993,4,Indian
10a2a1ff,PG Fulton,PG Fulton,,,,,
4958ad5f,PG Raut,PG Raut,,,,,
08548b13,PHKD Mendis,PHKD Mendis,,,,,
ef6aea67,PHT Kaushal,PHT Kaushal,,,,,
57e7ec56,Pinak Ghosh,Pinak Ghosh,,,,,
57590dbb,PI Walter,PI Walter,,,,,
ded9240e,Pat Cummins,PJ Cummins,2014,Bowler,08 May 1993,58,Australian
004c9e85,Phil Hughes,PJ Hughes,,N/A,30 November 1988,0,Australian
f32d890a,PJ Malan,PJ Malan,,,,,
a1d3540a,PJ Moor,PJ Moor,,,,,
27cc4361,PJ Ongondo,PJ Ongondo,,,,,
9fc0ef64,Pradeep Sangwan,PJ Sangwan,2008,Bowler,05 November 1990,42,Indian
4025c262,PJ van Biljon,PJ van Biljon,,,,,
8c2aa0f9,PKD Chase,PKD Chase,,,,,
bb965e9a,Priyam Garg,PK Garg,2020,Batter,30 November 2000,23,Indian
12c3ba4d,P Khadka,P Khadka,,,,,
e938e1bc,Praveen Kumar,P Kumar,2008,Bowler,02 October 1986,119,Indian
0859862f,PLM Jayaratne,PLM Jayaratne,,,,,
a56f4b65,PL Mommsen,PL Mommsen,,,,,
08bae9d5,PLS Gamage,PLS Gamage,,,,,
a22fb7b5,PM Nevill,PM Nevill,,,,,
b529630e,PM Pushpakumara,PM Pushpakumara,,,,,
abbdca1a,PM Seelaar,PM Seelaar,,,,,
bd93fea4,PM Siddle,PM Siddle,,,,,
1b3718d2,PM Weerakkody,PM Weerakkody,,,,,
f62772e5,Pawan Negi,P Negi,2012,Bowling All-rounder,06 January 1983,50,Indian
8ee36b18,P Nissanka,P Nissanka,,,,,
d0bb40b8,Poonam Yadav,Poonam Yadav,,N/A,24 August 1991,0,Indian
0c432afb,Prasanth Parameswaran DUPLICATE,P Parameswaran,,N/A,30 May 1985,8,
98ae73b1,Piyush Chawla,PP Chawla,2008,Bowler,24 December 1988,192,Indian
6c6591ab,Pragyan Ojha,PP Ojha,2008,Bowler,05 September 1986,92,Indian
8b3e9c7c,Prithvi Shaw,PP Shaw,2018,Batter,09 November 1999,79,Indian
441c72ae,Prayas Ray Barman,P Ray Barman,,Bowling Allrounder,25 October 2002,1,Indian
1efd12d1,PR Brown,PR Brown,,,,,
d587790d,Prem Tamang,Prem Tamang,,,,,
cf494ffe,PR Stirling,PR Stirling,,,,,
9a0146b3,Pradeep Sahu,P Sahu,,Batter,21 August 1985,5,Indian
9418198b,Prabhsimran Singh,P Simran Singh,2019,Wicketkeeper Batter,10 August 2000,34,Indian
dd9de7ad,P Sisodiya,P Sisodiya,,,,,
c4d740b3,PS Masvaure,PS Masvaure,,,,,
ada15e88,Peter Handscomb,PSP Handscomb,,N/A,26 April 1991,2,Australian
8d887a02,Priya Punia,PS Punia,,N/A,06 August 1996,0,Indian
cedc1d9a,Pawan Suyal,P Suyal,2013,Bowler,15 October 1989,5,Indian
9de271ef,P Utseya,P Utseya,,,,,
8026ea72,Pooja Vastrakar,P Vastrakar,,N/A,25 September 1999,0,Indian
327b58d3,Dushmantha Chameera,PVD Chameera,,Bowler,11 January 1992,13,Sri Lankan
6aed7e79,Pravin Tambe,PV Tambe,2013,All-rounder,08 October 1971,33,Indian
c96f6ac5,PWA Mulder,PWA Mulder,,,,,
91052c96,PW Borren,PW Borren,,,,,
a97c8ec2,Wanindu Hasaranga,PWH de Silva,2021,All-rounder,29 July 1997,26,Sri Lankan
9ac1dc9f,Qadeer Ahmed,Qadeer Ahmed,,,,,
8d5d991e,Qais Ahmad,Qais Ahmad,,,,,
e59ec361,Qaisar Abbas,Qaisar Abbas,,,,,
372455c4,Quinton de Kock,Q de Kock,2013,Wicketkeeper Batter,17 December 1992,107,South African
d6164dc0,Q Joseph,Q Joseph,,,,,
b3c04ccb,QWM Gunning,QWM Gunning,,,,,
9211d267,Rafatullah Mohmand,Rafatullah Mohmand,,,,,
a63775d6,Rahat Ali,Rahat Ali,,,,,
0bacade8,Rahmanullah Gurbaz,Rahmanullah Gurbaz,,,,,
f9c29fcd,Rahmat Shah,Rahmat Shah,,,,,
891b9757,Rahul Batham,Rahul Batham,,,,,
fe93fd9d,Ravindra Jadeja,RA Jadeja,2008,All-rounder,06 December 1988,240,Indian
b5a0a844,Rajbir Singh,Rajbir Singh,,,,,
6daf5e8c,RAJ Smith,RAJ Smith,,,,,
be85b12d,RA Lewis,RA Lewis,,,,,
65be8bb2,RA Lewis,Ramaal Lewis,,,,,
d5eb8b84,RA Mair,RA Mair,,,,,
e045c165,Rameez Shahzad,Rameez Shahzad,,,,,
f4a9e5a1,R Anders,R Anders,,,,,
17efdeb8,Raqibul Hasan,Raqibul Hasan,,,,,
d7725664,RA Reifer,RA Reifer,,,,,
5f547c8b,Rashid Khan,Rashid Khan,2017,Bowler,20 September 1998,121,Afghan
495d42a5,Ravichandran Ashwin,R Ashwin,2009,Bowling All-rounder,17 September 1986,212,Indian
b8527c3d,Rasikh Salam,Rasikh Salam,,Bowler,05 April 2000,11,Indian
2f28dc94,RAS Lakmal,RAS Lakmal,,,,,
978bd738,RA Stevenson,RA Stevenson,,,,,
77255a9e,Rahul Tripathi,RA Tripathi,2017,Batter,02 March 1991,95,Indian
df064e1a,Ravi Bishnoi,Ravi Bishnoi,2020,Bowler,05 September 2000,66,Indian
d346d939,RA Whiteley,RA Whiteley,,,,,
4f7279a4,Raza Hasan,Raza Hasan,,,,,
33a364a6,Rajat Bhatia,R Bhatia,2008,All-rounder,22 October 1979,95,Indian
f939ffa9,RC Davies,RC Davies,,,,,
0ef64bba,R Chandrika,R Chandrika,,,,,
8728a058,R Clarke,R Clarke,,,,,
e21bc7f3,RD Berrington,RD Berrington,,,,,
2ed569a0,Rahul Chahar,RD Chahar,2017,Bowler,04 August 1999,78,Indian
45a43fe2,Ruturaj Gaikwad,RD Gaikwad,2020,Batter,31 January 1997,66,Indian
26a85969,Rishi Dhawan,R Dhawan,2013,All-rounder,19 February 1990,39,Indian
393f2ae3,RD John,RD John,,,,,
fbc5c0c6,RDM Leverock,RDM Leverock,,,,,
0184dc35,Rahul Dravid,R Dravid,2008,Batter,11 January 1973,89,Indian
18c78b11,Richard Levi,RE Levi,,Batter,14 January 1988,6,South African
87107d23,RE McLean,RE McLean,,,,,
05c2ca46,Roelof van der Merwe,RE van der Merwe,2009,All-rounder,31 December 1984,21,Dutch
ad212f96,RF Higgins,RF Higgins,,,,,
8b248d88,Robbie Frylinck,R Frylinck,,N/A,27 September 1984,0,South African
b2b23612,Ronit More,RG More,2012,Bowler,11 February 1992,2,Indian
740742ef,Rohit Sharma,RG Sharma,2008,Batter,30 April 1987,257,Indian
9b6ad88a,R Gunasekera,R Gunasekera,,,,,
93a583c3,RH Candy,RH Candy,,,,,
e6f0408a,RH Priest,RH Priest,,,,,
e22d3b5c,RI Keogh,RI Keogh,,,,,
ad3940a5,Ritu Moni,Ritu Moni,,,,,
3a026eb4,Rizwan Cheema,Rizwan Cheema,,,,,
29e8a62e,RJ Burns,RJ Burns,,,,,
f6993a56,RJ Campbell,RJ Campbell,,,,,
734344b3,Subhranshu Senapati,RJ Das,,Batter,30 December 1996,0,Indian
12eddf28,Ryan Harris,RJ Harris,2009,Bowler,11 October 1979,37,Australian
8d8c24fd,RJ Nicol,RJ Nicol,,,,,
26ff4c29,Robin Peterson,RJ Peterson,2012,Bowler,04 August 1979,5,South African
23ac69e6,Rob Quiney,RJ Quiney,,N/A,20 August 1982,7,Australian
14373322,RJ Sayer,RJ Sayer,,,,,
9dca07d7,RJ Sidebottom,RJ Sidebottom,,,,,
8db7f47f,RJW Topley,RJW Topley,,,,,
b63e358a,Ricky Bhui,RK Bhui,2018,Wicketkeeper Batter,29 September 1996,4,Indian
7955eb15,RK Kleinveldt,RK Kleinveldt,,,,,
57a45277,RK Parwin,RK Parwin,,,,,
1a3cc554,RK Paudel,RK Paudel,,,,,
0a509d6b,Rinku Singh,RK Singh,2017,Batter,12 October 1997,46,Indian
977069a5,RK Weerasundara,RK Weerasundara,,,,,
5a892f36,RLB Rambukwella,RLB Rambukwella,,,,,
3feda4fa,RL Chase,RL Chase,,,,,
e149d0ae,RL Grundy,RL Grundy,,,,,
d7c6b0fb,RL Haynes,RL Haynes,,,,,
e13f5984,R Malhotra,R Malhotra,,,,,
c654af19,Ryan McLaren,R McLaren,,All-rounder,09 February 1983,18,South African
4ed7d23f,RM Farrell,RM Farrell,,,,,
721e0199,Richa Ghosh,RM Ghosh,,N/A,28 September 2003,0,Indian
27159c6a,RM Haq,RM Haq,,,,,
2e966563,RM Hira,RM Hira,,,,,
7fa2ab1f,RML Taylor,RML Taylor,,,,,
29e676b0,R Moonsamy,R Moonsamy,,,,,
c740ea83,Rajat Patidar,RM Patidar,2021,Batter,01 June 1993,27,Indian
8f7a598f,RMS Eranga,RMS Eranga,,,,,
f4d6a5b0,R Murray,R Murray,,,,,
5fef85ee,R Mutumbami,R Mutumbami,,,,,
3581a798,RM Yates,RM Yates,,,,,
6e3f5a5c,R Ngarava,R Ngarava,,,,,
4ec07775,Ryan ten Doeschate,RN ten Doeschate,2011,All-rounder,30 June 1980,29,Dutch
d876610c,Robiul Islam,Robiul Islam,,,,,
d1988788,Rohan Mustafa,Rohan Mustafa,,,,,
d1eaad59,RO Magarira,RO Magarira,,,,,
416881d1,ROO Jordan,ROO Jordan,,,,,
8b6c33d0,R Padunglerd,R Padunglerd,,,,,
04a418e8,Riyan Parag,R Parag,2019,Batter,10 November 2001,70,Indian
cccdde80,RP Arnold,RP Arnold,,,,,
b08252b8,RP Burl,RP Burl,,,,,
ad8cb396,RP Jones,RP Jones,,,,,
64775749,Riley Meredith,RP Meredith,,Bowler,21 June 1996,18,Australian
650d5e49,Rovman Powell,R Powell,2022,Batter,23 July 1993,27,West Indian
c3d1402f,RP Singh,RP Singh,2008,Bowler,06 December 1985,82,Indian
6c3aef71,Radha Yadav,RP Yadav,,N/A,21 April 2000,0,Indian
d68e7f48,Ravi Rampaul,R Rampaul,,Bowler,15 October 1984,12,West Indian
ba5e1069,R Ravindra,R Ravindra,,,,,
7d3720ba,Raju Bhatkal,RR Bhatkal,2012,All-rounder,01 September 1985,1,Indian
e7de4f6b,RR Emrit,RR Emrit,,,,,
b8cc58c9,RR Hendricks,RR Hendricks,,,,,
ee3ad356,R Rijal,R Rijal,,,,,
2742086d,RR O'Donnell,RR O'Donnell,,,,,
919a3be2,Rishabh Pant,RR Pant,2016,Wicketkeeper Batter,04 October 1997,111,Indian
7fa6bd8e,RR Patel,RR Patel,,,,,
5d096f3d,Ramesh Powar,RR Powar,2008,Bowler,20 May 1978,27,Indian
cad00a4d,Rilee Rossouw,RR Rossouw,2014,Batter,09 October 1989,22,South African
36d33dd0,Ramnaresh Sarwan,RR Sarwan,,N/A,23 June 1980,4,West Indian
c4d9634c,RRS Cornwall,RRS Cornwall,,,,,
626c5379,Rajagopal Sathish,R Sathish,2010,All-rounder,14 January 1981,34,Indian
7ca5e05d,Ravi Bopara,RS Bopara,,All-rounder,04 May 1985,24,English
237ec05b,Rajeshwari Gayakwad,RS Gayakwad,,N/A,01 June 1991,0,Indian
5d9a1a73,Rahul Sharma,R Sharma,2010,Bowler,30 November 1986,44,Indian
c5aef772,R Shepherd,R Shepherd,,,,,
de4b0555,Rahul Shukla,R Shukla,2012,Bowler,19 March 2012,7,Indian
39a2dfa8,Rahul Tewatia,R Tewatia,2014,Bowler,20 May 1993,93,Indian
1be67d37,RTM Mendis,RTM Mendis,,,,,
7d415ea5,Ricky Ponting,RT Ponting,2008,Batter,19 December 1974,10,Australian
f56cd097,Rubel Hossain,Rubel Hossain,,,,,
a92763ea,Rumana Ahmed,Rumana Ahmed,,,,,
1c790f4f,Rumman Raees,Rumman Raees,,,,,
efe3fcc5,R Vasconcelos,R Vasconcelos,,,,,
b2570b38,Raiphi Gomez,RV Gomez,2011,All-rounder,16 October 1985,13,Indian
41eb4a4f,Vinay Kumar,R Vinay Kumar,2008,Bowler,12 February 1984,105,Indian
1c17e270,Robin Uthappa,RV Uthappa,2008,Batter,11 November 1985,205,Indian
2f0d7e4a,Dasun shanaka,RW Chakabva,,All-rounder,09 September 1991,3,Sri Lankan
67af6f81,Ray Price,RW Price,,N/A,12 June 1976,1,Zimbabwean
1a2676c5,Sean Abbott,SA Abbott,,All-rounder,29 February 1992,3,Australian
4cbf2e06,Saad Ali,Saad Ali,,,,,
3fbb43a9,Saad Nasim,Saad Nasim,,,,,
7147f314,Sabbir Rahman,Sabbir Rahman,,,,,
77851c2d,SACA King,SACA King,,,,,
a7cd72b2,SA Campbelle,SA Campbelle,,,,,
dc9dd038,Sachin Baby,Sachin Baby,2013,Batter,18 December 1988,19,Indian
53bb50f0,Sadia Iqbal,Sadia Iqbal,,,,,
3cfbddce,Sadia Yousuf,Sadia Yousuf,,,,,
b59db04f,SA Edwards,SA Edwards,,,,,
05d74535,Saeed Ajmal,Saeed Ajmal,,,,,
f021a841,Saeed Sarkar,Saeed Sarkar,,,,,
3c4007d3,Sagar Pun,Sagar Pun,,,,,
1aba45cd,Sahibzada Farhan,Sahibzada Farhan,,,,,
131e5b97,Saif Ali,Saif Ali,,,,,
e5d452d7,Saif Badar,Saif Badar,,,,,
bb95564b,Saif Hassan,Saif Hassan,,,,,
feb9238a,Saifullah Bangash,Saifullah Bangash,,,,,
e00af84b,Saleh Ahmed Shawon,Saleh Ahmed Shawon,,,,,
2927279e,Salindu Ushan,Salindu Ushan,,,,,
037f2b86,Salma Khatun,Salma Khatun,,N/A,01 October 1990,0,Bangladeshi
73cbe848,Salman Fayyaz,Salman Fayyaz,,,,,
3be224b0,Sameen Gul,Sameen Gul,,,,,
96a2336e,Sami Aslam,Sami Aslam,,,,,
45de8d3e,Samiullah Khan,Samiullah Khan,,,,,
61646132,Samiullah Shenwari,Samiullah Shenwari,,,,,
981b9303,Sammu Ashan,Sammu Ashan,,,,,
b287e7b1,Sana Mir,Sana Mir,,,,,
ce820073,Sandeep Sharma,Sandeep Sharma,2013,Bowler,18 May 1993,127,Indian
38ef872f,Sandeep Sunar,Sandeep Sunar,,,,,
95a2ea61,Srikkanth Anirudha,S Anirudha,2008,Batter,14 April 1987,20,Indian
12755a62,Sanjida Islam,Sanjida Islam,,,,,
01dbf7cf,Sanjit Saha,Sanjit Saha,,,,,
7e4c8ba3,SA Northeast,SA Northeast,,,,,
b21ed464,SA Patterson,SA Patterson,,,,,
c020cef5,Saqlain Haider,Saqlain Haider,,,,,
f3c150bb,Saqlain Sajib,Saqlain Sajib,,,,,
957532de,Sreenath Aravind,S Aravind,2011,Bowler,08 April 1984,38,Indian
2254ab79,Sarfraz Ahmed,Sarfraz Ahmed,,,,,
d07c1b2f,Saud Shakeel,Saud Shakeel,,,,,
5d457861,SA Whitehead,SA Whitehead,,,,,
5f6eccd1,Maheesh Theekshana,SA Wisniewski,2022,Bowler,01 August 2000,27,Sri Lankan
271f83cd,Suryakumar Yadav,SA Yadav,2012,Batter,14 September 1990,150,Indian
0ec1f412,Sayed Shirzad,Sayed Shirzad,,,,,
ab01e323,SA Zaib,SA Zaib,,,,,
76388dc8,Samuel Badree,S Badree,2013,Bowler,09 March 1981,12,West Indian
3576e47e,Subramaniam Badrinath,S Badrinath,2008,Batter,30 August 1980,95,Indian
9a95bebb,S Bau,S Bau,,,,,
c8179c68,Shadab Jakati,SB Jakati,2009,Bowler,27 November 1980,59,Indian
57efa3be,Scott Styris,SB Styris,2008,All-rounder,10 July 1975,12,New Zealander
13bee186,SC Cook,SC Cook,,,,,
725529bc,Sourav Ganguly,SC Ganguly,2008,Batting All-rounder,08 July 1972,59,Indian
c8065f31,SC Getkate,SC Getkate,,,,,
881a9bdd,Shivnarine Chanderpaul,S Chanderpaul,,N/A,16 August 1974,3,West Indian
eba6a852,Stuart Broad,SCJ Broad,,N/A,24 June 1986,0,English
b20f423b,SC Kerrigan,SC Kerrigan,,,,,
fef92afc,Scott Kuggeleijn,SC Kuggeleijn,,Bowling all-rounder,03 January 1992,2,New Zealander
eb9cb105,SC Meaker,SC Meaker,,,,,
067bda18,S Conners,S Conners,,,,,
c29ada99,Shakera Selman,SC Selman,,N/A,01 September 1989,0,West Indian
afe57f7a,SC Williams,SC Williams,,,,,
facb9086,Siddharth Chitnis,SD Chitnis,2008,Batter,06 May 1987,11,Indian
e95cd1f5,S Dhamala,S Dhamala,,,,,
123e663a,S Dhaniram,S Dhaniram,,,,,
0a476045,Shikhar Dhawan,S Dhawan,2008,Batter,05 December 1985,222,Indian
1fc6ef83,SD Hope,SD Hope,,,,,
9601c534,Siddhesh Lad,SD Lad,2019,Batter,23 May 1992,1,Indian
9295145b,SD Outerbridge,SD Outerbridge,,,,,
fdb8ed0d,SD Parry,SD Parry,,,,,
d83c5b99,Sushree Dibyadarshini,SD Pradhan,,N/A,08 September 1997,0,Indian
76cb1a7f,SD Robson,SD Robson,,,,,
a4e37e47,Shivam Dube,S Dube,2019,All-rounder,26 June 1993,65,Indian
8879d882,SEA Ruck,SEA Ruck,,,,,
4f629497,Shane Bond,SE Bond,,N/A,07 June 1975,8,New Zealander
cdb82f1c,Sophie Ecclestone,S Ecclestone,,N/A,06 May 1999,0,English
508a1ea7,Shaun Marsh,SE Marsh,2008,Batter,09 July 1983,71,Australian
d014d5ac,Sherfane Rutherford,SE Rutherford,2019,Batter,15 August 1998,10,West Indian
1f7825dd,SF Daley,SF Daley,,,,,
de69af96,Sophie Devine,SFM Devine,,N/A,01 September 1989,0,New Zealander
3300d23c,SF Mire,SF Mire,,,,,
c35739a1,S Gajnabi,S Gajnabi,,,,,
51e1ed69,SG Borthwick,SG Borthwick,,,,,
b34e0c77,S Glenn,S Glenn,,,,,
7a8bd078,Shreyas Gopal,S Gopal,,All-rounder,04 September 1993,52,Indian
2d4465da,SG Whittingham,SG Whittingham,,,,,
9de62878,Shadab Khan,Shadab Khan,,,,,
246d11a2,Shadman Islam,Shadman Islam,,,,,
d8f59089,Shafali Verma,Shafali Verma,,N/A,28 January 2004,0,Indian
ba4d600a,Shafiqullah,Shafiqullah,,,,,
c2697434,Shafiul Hayet,Shafiul Hayet,,,,,
1a8eebbe,Shafiul Islam,Shafiul Islam,,,,,
090f9211,Shahadat Hossain,Shahadat Hossain,,,,,
f9e6e7ef,Shahbaz Ahamad,Shahbaz Ahmed,2020,Bowler,11 December 1994,55,Indian
45a7e761,Shaheen Shah Afridi,Shaheen Shah Afridi,,,,,
0dc00542,Shahid Afridi,Shahid Afridi,,N/A,01 March 1980,10,Pakistani
82b90140,Shahidullah,Shahidullah,,,,,
2cc08c3c,Shahid Wasif,Shahid Wasif,,,,,
7298fa49,Shahid Yousuf,Shahid Yousuf,,,,,
b9c225c2,Shahriar Nafees,Shahriar Nafees,,,,,
e9630504,Shaiman Anwar,Shaiman Anwar,,,,,
21d6eb6a,Shakeel Ansar,Shakeel Ansar,,,,,
7dc35884,Shakib Al Hasan,Shakib Al Hasan,2011,All-rounder,24 March 1987,71,Bangladeshi
724645f5,Shamima Sultana,Shamima Sultana,,,,,
02789d88,Shamsur Rahman,Shamsur Rahman,,,,,
3a61496b,Shankar Rana,Shankar Rana,,,,,
6843a783,Shan Masood,Shan Masood,,,,,
fccebff9,Shapoor Zadran,Shapoor Zadran,,,,,
7e678d00,Sharafuddin Ashraf,Sharafuddin Ashraf,,,,,
69c994e4,SHA Rance,SHA Rance,,,,,
ac387889,Sharif Asadullah,Sharif Asadullah,,,,,
193ef196,Sharjeel Khan,Sharjeel Khan,,,,,
84fdd3cf,Sharmin Akhter,Sharmin Akhter,,,,,
168b4c4f,S Hicks,S Hicks,,,,,
c38d3503,Shivam Mavi,Shivam Mavi,2018,Bowler,26 November 1998,32,Indian
6f49cc6e,Shivam Sharma,Shivam Sharma,,All-rounder,09 September 1993,5,Indian
210f4a5d,SH Lewis,SH Lewis,,,,,
10a91f35,Shoaib Akhtar,Shoaib Akhtar,,N/A,13 August 1975,3,Pakistani
64c34cd0,Shoaib Malik,Shoaib Malik,,N/A,01 February 1982,7,Pakistani
bb34fd31,Shoriful Islam,Shoriful Islam,,,,,
488b7e1b,SHT Kandamby,SHT Kandamby,,,,,
05d1a247,Shubham Mavi,Shubham Mavi,,,,,
b4b99816,Shubman Gill,Shubman Gill,2018,Batter,08 September 1999,103,Indian
bb01f9e0,Shuvagata Hom,Shuvagata Hom,,,,,
72c9ad99,Sidra Ameen,Sidra Ameen,,,,,
ca3ded6f,Sidra Nawaz,Sidra Nawaz,,,,,
26d041c4,Sikandar Raza,Sikandar Raza,,,,,
3b572f28,Sikander Zulfiqar,Sikander Zulfiqar,,,,,
e97aefe2,SI Mahmood,SI Mahmood,,,,,
2a242d58,Simandeep Singh,Simandeep Singh,,,,,
c9945bdf,Simi Singh,Simi Singh,,,,,
5838cb64,SIP Fernando,SIP Fernando,,,,,
3a9e9cb2,SIR Dunkley,SIR Dunkley,,,,,
108c4c09,S Ismail,S Ismail,,,,,
34304210,S Jafta,S Jafta,,,,,
364ee2cf,SJ Benn,SJ Benn,,,,,
679cd31e,SJ Cook,SJ Cook,,,,,
a5f488bc,SJ Coyte,SJ Coyte,,,,,
ab474682,SJ Croft,SJ Croft,,,,,
a9e9ef75,SJ Loftie-Eaton,SJ Loftie-Eaton,,,,,
af71535d,SJ McGlashan,SJ McGlashan,,,,,
0e0d43b4,SJ Mullaney,SJ Mullaney,,,,,
18261c22,SJ Myburgh,SJ Myburgh,,,,,
e6f36f83,SJ Taylor,SJ Taylor,,,,,
dcf81436,Siddharth Kaul,S Kaul,2013,Bowler,19 May 1990,55,Indian
1da489ff,Shivil Kaushik,S Kaushik,,N/A,09 July 1995,10,Indian
bd8139a1,SK Dolawatte,SK Dolawatte,,,,,
1dc12ab9,Suresh Raina,SK Raina,2008,Batter,27 November 1986,205,Indian
4175d211,SK Springer,SK Springer,,,,,
3d7e087f,Siddharth Trivedi,SK Trivedi,2008,Bowler,04 September 1982,76,Indian
fb693839,Sarabjit Ladda,S Ladda,2010,Bowler,10 July 1986,9,Indian
b410bd3d,Sandeep Lamichhane,S Lamichhane,2018,Bowler,14 August 2000,9,Nepalese
4b15618c,S Laomi,S Laomi,,,,,
5ab09885,S Lateh,S Lateh,,,,,
a12e1d51,Lasith Malinga,SL Malinga,2009,Bowler,28 August 1983,122,Sri Lankan
386f410e,S Loubser,S Loubser,,,,,
3308d881,SL Quintyne,SL Quintyne,,,,,
6d76bc23,Sune Luus,S Luus,,N/A,05 January 1996,0,South African
0f6db197,S Mahmood,S Mahmood,,,,,
5d2eda89,Smriti Mandhana,S Mandhana,,N/A,18 July 1996,0,Indian
fec50c96,SMA Priyanjan,SMA Priyanjan,,,,,
e7ba1233,S Matsikenyeri,S Matsikenyeri,,,,,
d167edd3,Scott Boland,SM Boland,,N/A,11 April 1989,2,Australian
e94915e6,Sam Curran,SM Curran,2019,All-rounder,03 June 1998,59,English
8fc65c2b,SM Davies,SM Davies,,,,,
556302a7,SM Ervine,SM Ervine,,,,,
ade90de7,Sudhesan Midhun,S Midhun,,Bowler,07 October 1994,1,Indian
7e9b3b60,SM Kavanagh,SM Kavanagh,,,,,
99e23670,S Molineux,S Molineux,,,,,
c488b6ac,S Moseley,S Moseley,,,,,
94de63bf,S Mostary,S Mostary,,,,,
88fccd6c,Shaun Pollock,SM Pollock,,N/A,16 July 1973,13,South African
f43dd8c2,SM Sharif,SM Sharif,,,,,
4c4fa80b,Sachithra Senanayake,SMSM Senanayake,2013,Bowler,09 February 1985,8,Sri Lankan
da045dea,S Mukuddem,S Mukuddem,,,,,
7dfb8890,S Muthusamy,S Muthusamy,,,,,
9d80c5e1,Shahbaz Nadeem,S Nadeem,2011,Bowler,12 August 1989,72,Indian
287686fd,Sumit Narwal,S Narwal,2010,Bowling All-rounder,16 April 1982,7,Indian
3540beff,SNJ O'Keefe,SNJ O'Keefe,,,,,
f088b960,Sarfaraz Khan,SN Khan,2015,Batter,22 October 1997,50,Indian
1abb78f8,Shardul Thakur,SN Thakur,2015,allRounder,16 October 1991,95,Indian
dc2f959a,SO Dowrich,SO Dowrich,,,,,
5a4c12ab,Sohag Gazi,Sohag Gazi,,,,,
b98b5e1c,Sohaib Maqsood,Sohaib Maqsood,,,,,
5af743d0,Sohail Khan,Sohail Khan,,,,,
64d43928,Sohail Tanvir,Sohail Tanvir,,N/A,12 December 1984,11,Pakistani
48a1d7b7,Shimron Hetmyer,SO Hetmyer,2019,Batter,26 December 1996,72,West Indian
1adb8ee8,Sompal Kami,Sompal Kami,,,,,
49118dc7,SO Ngoche,SO Ngoche,,,,,
00d69fa4,SO Tikolo,SO Tikolo,,,,,
4d9f9686,Soumya Sarkar,Soumya Sarkar,,,,,
5463cb7a,Shikha Pandey,S Pandey,,N/A,12 May 1989,0,Indian
30a45b23,Steve Smith,SPD Smith,2012,All-rounder,02 June 1989,103,Australian
eea6b7f1,Stephen Fleming,SP Fleming,,N/A,01 April 1973,10,New Zealander
2d8aae2f,SP Gauchan,SP Gauchan,,,,,
541f85c9,Shreevats Goswami,SP Goswami,2008,Wicketkeeper Batter,18 May 1989,31,Indian
acc1aeda,Sheldon Jackson,SP Jackson,,Wicketkeeper Batter,27 September 1986,9,Indian
9a6b71d1,SP Khakurel,SP Khakurel,,,,,
9d430b40,Sunil Narine,SP Narine,2012,Bowler,26 May 1988,177,West Indian
f5c198fb,SP Patil,SP Patil,,,,,
f78e7113,S Prasanna,S Prasanna,,,,,
7f87204d,SP Terry,SP Terry,,,,,
c4c374d9,S Rana,Sneh Rana,,,,,
90edaaa9,Sachin Rana,S Rana,2011,Bowler,18 September 1984,11,Indian
f5f18a18,Suraj Randiv,S Randiv,2011,Bowler,30 January 1985,8,Sri Lankan
5597338d,S Ravikumar,S Ravikumar,,,,,
a3bfec5d,SR Clark,SR Clark,,,,,
2344bdd1,SR Dickson,SR Dickson,,,,,
67b9536c,SR Hain,SR Hain,,,,,
23638956,SR Harmer,SR Harmer,,,,,
18fac429,SR Patel,SR Patel,,,,,
92cf79a8,Stafanie Taylor,SR Taylor,,N/A,11 June 1991,0,West Indian
d2c2b2d5,Sachin Tendulkar,SR Tendulkar,2008,Batter,24 April 1973,78,Indian
7f3ad1ed,SR Thompson,SR Thompson,,,,,
86d38202,SR Waters,SR Waters,,,,,
4329fbb5,Shane Watson,SR Watson,2008,All-rounder,17 June 1981,145,Australian
b51f72a5,Shubham Agarwal,SS Agarwal,,N/A,21 November 1993,1,Indian
9ab2914d,S Samarawickrama,S Samarawickrama,,,,,
a3c9ef5f,S Sandeepani,S Sandeepani,,,,,
cdc6bdba,Sandeep Warrier,S Sandeep Warrier,2019,Bowler,04 April 1991,10,Indian
2f9a6bd1,SS Connell,SS Connell,,,,,
a1d053dd,Sheldon Cottrell,SS Cottrell,,Bowler,19 August 1989,6,West Indian
75cbed9b,SS Eskinazi,SS Eskinazi,,,,,
6bebf334,SS Grimmond,SS Grimmond,,,,,
dae6fac5,S Sharma,S Sharma,,,,,
d76b0d2d,S Shillingford,S Shillingford,,,,,
85ec8e33,Shreyas Iyer,SS Iyer,2015,Batter,06 December 1994,116,Indian
977b841a,SSJ Brooks,SSJ Brooks,,,,,
e6dd77bb,SS McKechnie,SS McKechnie,,,,,
a790df98,S Snater,S Snater,,,,,
2812bbb3,S Snyder,S Snyder,,,,,
753c95b9,SS Pathirana,SS Pathirana,,,,,
6b8eb6e5,Shanthakumaran Sreesanth,S Sreesanth,2008,Bowler,06 February 1983,44,Indian
de6c2c6e,S Steel,S Steel,,,,,
709b0bac,Saurabh Tiwary,SS Tiwary,2008,Batter,30 December 1989,93,Indian
5f862ccd,SS Weerakkody,SS Weerakkody,,,,,
54ef649e,ST de Silva,ST de Silva,,,,,
4992d6f6,ST Doheny,ST Doheny,,,,,
ccdd8308,ST Finn,ST Finn,,,,,
d9609443,ST Gabriel,ST Gabriel,,,,,
9c4b58db,S Tippoch,S Tippoch,,,,,
f233bbb4,Sanath Jayasuriya,ST Jayasuriya,,N/A,30 June 1969,30,Sri Lankan
bd17b45f,Stuart Binny,STR Binny,2010,All-rounder,03 June 1984,95,Indian
a3a078ba,Subashis Roy,Subashis Roy,,,,,
8fb49ef8,Suhrawadi Shuvo,Suhrawadi Shuvo,,,,,
3bf7c034,Sultan Ahmed,Sultan Ahmed,,,,,
ee3dfa89,Sunny Gupta,Sunny Gupta,2012,Bowler,27 September 1988,1,Indian
0f348f58,Sunzamul Islam,Sunzamul Islam,,,,,
4c476cb4,Sushil Kandel,Sushil Kandel,,,,,
f4dfcbb4,S van Zyl,S van Zyl,,,,,
185e6c0c,Sushma Verma,S Verma,,N/A,03 November 1992,0,Indian
3de06845,S Vesawkar,S Vesawkar,,,,,
a4cc73aa,Sanju Samson,SV Samson,2013,Wicketkeeper Batter,11 November 1994,168,Indian
c7f6dd3b,SW Ambris,SW Ambris,,,,,
983f2f61,Swapnil Singh,Swapnil Singh,2023,Bowling all-rounder,22 January 1991,14,Indian
89bbc67a,Suzie Bates,SW Bates,,N/A,16 September 1987,0,New Zealander
c16d4035,Sam Billings,SW Billings,,Wicketkeeper Batter,15 June 1991,30,English
c5f40e35,SW Currie,SW Currie,,,,,
2182013e,SW Masakadza,SW Masakadza,,,,,
cdf59953,SW Poynter,SW Poynter,,,,,
addfb70e,Shaun Tait,SW Tait,2010,Bowler,22 February 1983,21,Australian
4cf8708b,Syeda Aroob Shah,Syeda Aroob Shah,,,,,
b743f01b,Syed Rasel,Syed Rasel,,,,,
21e5f325,TA Blundell,TA Blundell,,,,,
a818c1be,Trent Boult,TA Boult,2015,Bowler,22 July 1989,104,New Zealander
9d1d34bd,Taijul Islam,Taijul Islam,,,,,
f0f8f105,TA Imlach,TA Imlach,,,,,
867a45a7,TAI Taylor,TAI Taylor,,,,,
73f1f6b0,TA Lammonby,TA Lammonby,,,,,
a380e4bf,Talor Scott,Talor Scott,,,,,
3b041a12,Tamim Iqbal,Tamim Iqbal,,,,,
bf7842c9,TAM Siriwardana,TAM Siriwardana,,,,,
93f104b4,Tanvir Ahmed,Tanvir Ahmed (1),,,,,
5f5ca1a7,Tanwir Afzal,Tanwir Afzal,,,,,
bb1819fa,Tapash Baisya,Tapash Baisya,,,,,
ac3c3cab,TAR Scriven,TAR Scriven,,,,,
ef18b66e,Taskin Ahmed,Taskin Ahmed,,,,,
c73bb037,Taufeeq Umar,Taufeeq Umar,,,,,
884f72a1,TA Wood,TA Wood,,,,,
ba9258a7,,TB Abell,,,,,
25f7b7d6,Tom Banton,T Banton,,Wicketkeeper Batter,11 November 1998,2,English
9ffd1ac1,T Bavuma,T Bavuma,,,,,
90d6cdea,TB de Bruyn,TB de Bruyn,,,,,
211dc1ce,Taniya Bhatia,T Bhatia,,N/A,28 November 1997,0,Indian
98e908bd,TB Sole,TB Sole,,,,,
f92c9151,TC Bruce,TC Bruce,,,,,
80c6ed7d,T Chanderpaul,T Chanderpaul,,,,,
53a5767d,T Chetty,T Chetty,,,,,
a0f612b6,TD Andrews,TD Andrews,,,,,
383dd431,TD Astle,TD Astle,,,,,
d3a1c63d,T de Zorzi,T de Zorzi,,,,,
dddc811c,TD Groenewald,TD Groenewald,,,,,
5748e866,Tim Paine,TD Paine,,N/A,08 December 1984,2,Australian
cc3884f9,TD Smartt,TD Smartt,,,,,
4a84f573,T Duffin,T Duffin,,,,,
b9877635,TE Bailey,TE Bailey,,,,,
c28e9f12,Tejas Baroka,Tejas Baroka,,Bowler,01 February 1996,1,Indian
9cbbe35b,TG Gordon,TG Gordon,,,,,
74a274cc,TG Helm,TG Helm,,,,,
13c35c9e,Tim Southee,TG Southee,2011,Bowler,11 December 1988,54,New Zealander
873a0a12,Thilan Nimesh,Thilan Nimesh,,,,,
3dfb2c90,Tilaksha Sumanasiri,Tilaksha Sumanasiri,,,,,
dc002962,Tillakaratne Sampath,Tillakaratne Sampath,,,,,
85dcb721,TJ Moores,TJ Moores,,,,,
c89474d1,TJ Murtagh,TJ Murtagh,,,,,
ef70a34b,TJ Vlaeminck,TJ Vlaeminck,,,,,
1fe81cc9,T Kamungozi,T Kamungozi,,,,,
e86754b2,Tom Curran,TK Curran,2018,Bowler,12 March 1995,13,English
9f9b903e,TK Musakanda,TK Musakanda,,,,,
f836b33d,T Kohler-Cadmore,T Kohler-Cadmore,,,,,
db767b89,TL Best,TL Best,,,,,
5bbabe59,Vyshak Vijay Kumar,TL Chatara,,Bowler,31 January 1997,11,Indian
4663bd23,Tim Seifert,TL Seifert,,Wicketkeeper Batter,14 December 1994,3,New Zealander
aaa1b522,Tirumalasetti Suman,TL Suman,2009,Batter,15 December 1983,43,Indian
2318ba22,TLW Cooper,TLW Cooper,,,,,
f55c526f,T Maruma,T Maruma,,,,,
5bdcdb72,Tillakaratne Dilshan,TM Dilshan,2008,All-rounder,14 October 1976,52,Sri Lankan
12b610c2,Travis Head,TM Head,2016,Batter,29 December 1993,25,Australian
c9cac448,Tanmay Mishra,T Mishra,2012,Batter,22 December 1986,0,Kenyan
0a12e736,TMJ Smith,TMJ Smith,,,,,
3fb197cd,TMK Mawoyo,TMK Mawoyo,,,,,
ca5acfa4,TM McGrath,TM McGrath,,,,,
2c13defe,TM Odoyo,TM Odoyo,,,,,
21bf71ab,T Mupariwa,T Mupariwa,,,,,
a945bb28,T Muzarabani,T Muzarabani,,,,,
ce794613,T Natarajan,T Natarajan,2017,Bowler,27 May 1991,61,Indian
52980a48,TN de Grooth,TN de Grooth,,,,,
64212089,TN Walallawita,TN Walallawita,,,,,
961b8ff1,TP Alsop,TP Alsop,,,,,
3b417422,T Panyangara,T Panyangara,,,,,
2f3817ce,TP Sudhindra,TP Sudhindra,,N/A,24 April 1984,3,Indian
a82eb3fb,TP Ura,TP Ura,,,,,
4b2d6789,TS Chisoro,TS Chisoro,,,,,
a03bba42,Tabraiz Shamsi,T Shamsi,,Bowler,18 February 1990,5,South African
4e1b4323,TS Kamunhukamwe,TS Kamunhukamwe,,,,,
245c97cb,Tymal Mills,TS Mills,,Bowler,12 August 1992,10,English
6c6aca89,TS Roland-Jones,TS Roland-Jones,,,,,
6e28e586,TS Sekhukhune,TS Sekhukhune,,,,,
3b10836b,T Stanton,T Stanton,,,,,
75de770f,Tatenda Taibu,T Taibu,,N/A,14 May 1983,3,Zimbabwean
b2664905,TT Beaumont,TT Beaumont,,,,,
58043739,TT Bresnan,TT Bresnan,,,,,
2008fc75,TT Samaraweera,TT Samaraweera,,,,,
46a9bea1,Tushar Deshpande,TU Deshpande,2020,Bowler,15 May 1995,36,Indian
d99cc23a,T van der Gugten,T van der Gugten,,,,,
25a42048,T Westley,T Westley,,,,,
22b98d7c,TW Hartley,TW Hartley,,,,,
e824e6ee,TWM Latham,TWM Latham,,,,,
91b9300b,Udit Birla,UA Birla,,N/A,17 November 1989,2,Indian
c66d9486,U Bhatti,U Bhatti,,,,,
0c94f480,Unmukt Chand,UBT Chand,2011,Batter,26 March 1993,21,Indian
f69f1d8a,Umaid Asif,Umaid Asif,,,,,
821d7d46,Umaima Sohail,Umaima Sohail,,,,,
aa8b4568,Umair Masood,Umair Masood,,,,,
fd2bf2a0,Umar Akmal,Umar Akmal,,,,,
3029e282,Umar Amin,Umar Amin,,,,,
16dfcc19,Umar Gul,Umar Gul,,N/A,14 April 1984,6,Pakistani
8efab8ed,Umar Siddiq,Umar Siddiq,,,,,
e3829b2a,Usman Ghani,Usman Ghani,,,,,
33742f04,Usman Qadir,Usman Qadir,,,,,
5a7405f1,Usman Salahuddin,Usman Salahuddin,,,,,
f0e722e0,Usman Shinwari,Usman Shinwari,,,,,
6bf40416,U Thimashini,U Thimashini,,,,,
331ea488,Usman Khawaja,UT Khawaja,,N/A,18 December 1986,6,Australian
cc1e8c68,Umesh Yadav,UT Yadav,2010,Bowler,25 October 1987,148,Indian
dd37da14,UWMBCA Welegedara,UWMBCA Welegedara,,,,,
d7a5d416,VA Singh,VA Singh,,,,,
54745c20,V Chopra,V Chopra,,,,,
cfe70281,VD Philander,VD Philander,,,,,
6dbcf855,Vijay Zol,VH Zol,2012,Batter,23 November 1994,3,Indian
26d76ad9,Virat Singh,Virat Singh,,Batter,08 December 1997,3,Indian
7075624e,Vishad Randika,Vishad Randika,,,,,
0494fa6e,Vishnu Vinod,Vishnu Vinod,2017,Wicketkeeper Batter,02 December 1993,6,Indian
3a7ea906,VJ Kingma,VJ Kingma,,,,,
fd39eca8,V Kelley,V Kelley,,,,,
ba607b88,Virat Kohli,V Kohli,2008,Batter,05 November 1988,252,Indian
c3f21798,Veda Krishnamurthy,V Krishnamurthy,,N/A,16 October 1992,0,Indian
1bd16445,VM Nyauchi,VM Nyauchi,,,,,
78dfe704,V Permaul,V Permaul,,,,,
0a3d54b9,Varun Aaron,VR Aaron,2011,Bowler,29 October 1989,52,Indian
2d963999,VR Vanitha,VR Vanitha,,,,,
034b4b7d,Veer Pratap Singh,VRV Singh,,Bowler,03 May 1992,9,Indian
8ba8195d,Virender Sehwag,V Sehwag,2008,Batter,20 October 1978,104,Indian
0994d0ae,Vijay Shankar,V Shankar,2014,All-rounder,26 January 1991,72,Indian
fd483a3e,V Shetty,V Shetty,,,,,
0fdabe05,V Sibanda,V Sibanda,,,,,
5f26df4f,Vikramjeet Malik,VS Malik,2009,Bowler,09 May 1983,13,Indian
93a17209,Yo Mahesh,VY Mahesh,2008,Bowler,21 December 1987,18,Indian
6b68d7b3,Wafadar Momand,Wafadar Momand,,,,,
b3118300,Wahab Riaz,Wahab Riaz,,,,,
a2eac9df,Waqas Barkat,Waqas Barkat,,,,,
f59b3bd1,Waqas Maqsood,Waqas Maqsood,,,,,
e3bc992b,WAR Fraine,WAR Fraine,,,,,
f19ccfad,Washington Sundar,Washington Sundar,2017,All-rounder,05 October 1999,60,Indian
98eacfe5,WAT Beer,WAT Beer,,,,,
8afe73e2,WA Young,WA Young,,,,,
0d677597,W Barresi,W Barresi,,,,,
29b89ae8,WB Rankin,WB Rankin,,,,,
4e18e961,WCF Smeed,WCF Smeed,,,,,
2a802bfd,WC Ludick,WC Ludick,,,,,
8fd3b94d,WD Balaji Rao,WD Balaji Rao,,,,,
3a60e0b5,Wayne Parnell,WD Parnell,2011,Bowler,30 July 1989,33,South African
74a1c1e3,WER Somerville,WER Somerville,,,,,
550373ea,,WGAKK Kulasuriya,,,,,
9caf69a1,WG Jacks,WG Jacks,,,,,
9550470d,WIA Fernando,WIA Fernando,,,,,
c34a15e6,WK Dilhari,WK Dilhari,,,,,
1920c721,WKD Perkins,WKD Perkins,,,,,
c942a53b,WK McCallan,WK McCallan,,,,,
4dabe716,W Liengprasert,W Liengprasert,,,,,
86e0f3f0,WL Madsen,WL Madsen,,,,,
a879b92c,W Madhevere,W Madhevere,,,,,
b16ddb79,W McClintock,W McClintock,,,,,
14fd0f3c,WMC Jayampathi,WMC Jayampathi,,,,,
f54dbda7,WMH Rhodes,WMH Rhodes,,,,,
4bc0a378,WP Masakadza,WP Masakadza,,,,,
fe11caa6,Wriddhiman Saha,WP Saha,2008,Wicketkeeper Batter,24 October 1984,170,Indian
bcce309e,Chaminda Vaas,WPUJC Vaas,,N/A,27 January 1974,13,Sri Lankan
078ffbf2,WS Davis,WS Davis,,,,,
ade3660b,WT Mashinge,WT Mashinge,,,,,
72898514,WT Root,WT Root,,,,,
ec02b798,WTS Porterfield,WTS Porterfield,,,,,
7ed9fd56,WU Tharanga,WU Tharanga,,,,,
63769bc7,W van Wyk,W van Wyk,,,,,
502b2c81,XJ Doherty,XJ Doherty,,,,,
1763bc6c,Thalaivan Sargunam,X Thalaivan Sargunam,,Batter,15 May 1985,1,Indian
6e4588bc,Yamin Ahmadzai,Yamin Ahmadzai,,,,,
600dce49,Yashodha Lanka,Yashodha Lanka,,,,,
3cf5ae43,Yasir Arafat,Yasir Arafat,,,,,
f2800ef3,Yasir Shah,Yasir Shah,,,,,
6c19c6e5,Yashasvi Jaiswal,YBK Jaiswal,2020,Batter,28 December 2001,53,Indian
ebe27221,Y Fourie,Y Fourie,,,,,
3c6ffae8,Yusuf Pathan,YK Pathan,2008,All-rounder,17 November 1982,174,Indian
662c47a6,Yogesh Nagar,Y Nagar,2009,All-rounder,06 January 1990,26,Indian
33cb3411,Younis Khan,Younis Khan,,N/A,29 November 1977,1,Pakistani
cfa4bd2b,Prithvi Raj Yarra,Y Prithvi Raj,,Bowler,20 February 1998,2,Indian
57ee1fde,Yuzvendra Chahal,YS Chahal,2013,Bowler,23 July 1990,160,Indian
c3e4a816,YS Karki,YS Karki,,,,,
1c914163,Yuvraj Singh,Yuvraj Singh,2008,All-rounder,12 December 1981,132,Indian
ba844d54,Y Valli,Y Valli,,,,,
79e10d25,Y van der Westhuizen,Y van der Westhuizen,,,,,
fe763256,Venugopal Rao,Y Venugopal Rao,2008,Batting All-rounder,26 February 1982,64,Indian
4e04666c,Yogesh Takawale,YV Takawale,,Wicketkeeper Batter,05 November 1984,16,Indian
9fd3a210,Zafar Gohar,Zafar Gohar,,,,,
ba158afd,Zahid Mahmood,Zahid Mahmood,,,,,
e3e09091,Zakir Hasan,Zakir Hasan,,,,,
922e1b19,Z Crawley,Z Crawley,,,,,
36619795,Zeeshan Ansari,Zeeshan Ansari,,,,,
6e140182,Zeeshan Malik,Zeeshan Malik,,,,,
34464143,Zeeshan Maqsood,Zeeshan Maqsood,,,,,
8716233e,ZE Green,ZE Green,,,,,
c981bfad,ZE Surkari,ZE Surkari,,,,,
99c81226,Zia-ul-Haq,Zia-ul-Haq,,,,,
c27518d2,Ziaur Rahman,Ziaur Rahman,,,,,
fe5b4367,ZJ Chappell,ZJ Chappell,,,,,
91a4a398,Zaheer Khan,Z Khan,2008,Bowler,07 October 1978,100,Indian
f0b16e64,Z Mali,Z Mali,,,,,
eec5fe00,ZN Gibson,ZN Gibson,,,,,
7b1e20ea,ZS Ansari,ZS Ansari,,,,,
22feee04,Zubayr Hamza,Zubayr Hamza,,,,,
3a0f6df2,Zulfiqar Babar,Zulfiqar Babar,,,,,